game,scene_id,scene,seq,speaker,speaker_canon,type,register,register_source,p_narration,n_words,text_sha1
Blood Omen,1,Opening,1,,,action,,,,10,afa22f41dd71
Blood Omen,1,Opening,2,,,action,,,,13,7380d973319b
Blood Omen,1,Opening,3,Member of the Circle of Nine #1,Member of the Circle of Nine #1,speech,dialogue,model,0.0086,1,37a99a5555d5
Blood Omen,1,Opening,4,,,action,,,,12,637872251d46
Blood Omen,1,Opening,5,Member of the Circle of Nine #1,Member of the Circle of Nine #1,speech,dialogue,model,0.0086,1,37a99a5555d5
Blood Omen,1,Opening,6,,,action,,,,13,6744623033f8
Blood Omen,1,Opening,7,Member of the Circle of Nine #1,Member of the Circle of Nine #1,speech,dialogue,model,0.0086,1,24f763596c2c
Blood Omen,1,Opening,8,,,action,,,,12,e251345758d8
Blood Omen,1,Opening,9,Member of the Circle of Nine #3,Member of the Circle of Nine #3,speech,dialogue,model,0.0086,1,37a99a5555d5
Blood Omen,1,Opening,10,,,action,,,,12,b6c4487a8457
Blood Omen,1,Opening,11,Vorador,Vorador,speech,dialogue,model,0.0078,10,065fcd8434fe
Blood Omen,1,Opening,12,,,action,,,,14,b6e6801df4f4
Blood Omen,1,Opening,13,Mortanius,Mortanius,speech,dialogue,model,0.0171,12,9e8740c7a2d0
Blood Omen,1,Opening,14,,,action,,,,12,b7fc65127a82
Blood Omen,1,Opening,15,Mortanius,Mortanius,speech,dialogue,model,0.0447,22,bced8c8cadcb
Blood Omen,1,Opening,16,,,action,,,,11,d6fdc999df80
Blood Omen,2,The Pillars of Nosgoth,17,,,action,,,,14,4520609ec7ed
Blood Omen,2,The Pillars of Nosgoth,18,Barkeep,Barkeep,speech,dialogue,model,0.0100,9,dfb2a9917c84
Blood Omen,2,The Pillars of Nosgoth,19,Kain,Kain,speech,dialogue,none,,23,cb84fffd47ee
Blood Omen,2,The Pillars of Nosgoth,20,Barkeep,Barkeep,speech,dialogue,constraint,0.7213,21,7f04168b2af2
Blood Omen,2,The Pillars of Nosgoth,21,,,action,,,,9,606876f371c0
Blood Omen,2,The Pillars of Nosgoth,22,Kain,Kain,speech,narration,explicit_paren,,18,2561cc802acf
Blood Omen,2,The Pillars of Nosgoth,23,,,action,,,,7,fb0c0ec55f6e
Blood Omen,2,The Pillars of Nosgoth,24,Assassin,Assassin,speech,dialogue,model,0.0278,2,72ef1656827d
Blood Omen,2,The Pillars of Nosgoth,25,,,action,,,,13,35c87cc36d2d
Blood Omen,2,The Pillars of Nosgoth,26,Assassin,Assassin,speech,dialogue,model,0.0555,3,e21b0ee63596
Blood Omen,2,The Pillars of Nosgoth,27,,,action,,,,12,2d84be99dd1e
Blood Omen,2,The Pillars of Nosgoth,28,Kain,Kain,speech,narration,explicit_paren,,49,d4aa93e7380a
Blood Omen,2,The Pillars of Nosgoth,29,,,action,,,,9,82c18ff6c7cb
Blood Omen,2,The Pillars of Nosgoth,30,Kain,Kain,speech,narration,explicit_paren,,7,093a14d64b00
Blood Omen,2,The Pillars of Nosgoth,31,,,action,,,,6,48a2239476d6
Blood Omen,2,The Pillars of Nosgoth,32,Kain,Kain,speech,narration,explicit_paren,,28,91ca5d76d85a
Blood Omen,2,The Pillars of Nosgoth,33,,,action,,,,14,2a15c7a5b19e
Blood Omen,2,The Pillars of Nosgoth,34,Mortanius,Mortanius,speech,dialogue,model,0.0060,9,fa6e9d41e085
Blood Omen,2,The Pillars of Nosgoth,35,,,action,,,,13,59e3b09064fd
Blood Omen,2,The Pillars of Nosgoth,36,Kain,Kain,speech,narration,explicit_paren,,17,5e6b044a864b
Blood Omen,2,The Pillars of Nosgoth,37,,,action,,,,4,ca62caec3c67
Blood Omen,2,The Pillars of Nosgoth,38,Kain,Kain,speech,narration,explicit_paren,,42,65ab8f530e1c
Blood Omen,2,The Pillars of Nosgoth,39,,,action,,,,9,974d74a24b9e
Blood Omen,2,The Pillars of Nosgoth,40,Kain,Kain,speech,narration,explicit_paren,,21,ece4520f89b8
Blood Omen,2,The Pillars of Nosgoth,41,Assassins,Assassins,speech,dialogue,model,0.0122,10,6679ba027664
Blood Omen,2,The Pillars of Nosgoth,42,Kain,Kain,speech,narration,explicit_paren,,27,585b62ce6134
Blood Omen,2,The Pillars of Nosgoth,43,,,action,,,,8,0a6070907479
Blood Omen,2,The Pillars of Nosgoth,44,Kain,Kain,speech,narration,explicit_paren,,18,57cec04d8f80
Blood Omen,2,The Pillars of Nosgoth,45,,,action,,,,10,410bc3d26b56
Blood Omen,2,The Pillars of Nosgoth,46,,,action,,,,6,33a3161af824
Blood Omen,2,The Pillars of Nosgoth,47,Kain,Kain,speech,narration,explicit_paren,,11,c734f6aec77a
Blood Omen,2,The Pillars of Nosgoth,48,,,action,,,,14,4798f0b11598
Blood Omen,2,The Pillars of Nosgoth,49,Kain,Kain,speech,narration,explicit_paren,,25,1d3a4f4bd9d2
Blood Omen,2,The Pillars of Nosgoth,50,,,action,,,,13,57afe644a487
Blood Omen,2,The Pillars of Nosgoth,51,Ariel,Ariel,speech,dialogue,model,0.0149,10,aeb7bcaf2201
Blood Omen,2,The Pillars of Nosgoth,52,Kain,Kain,speech,dialogue,none,,11,b3cfe4591781
Blood Omen,2,The Pillars of Nosgoth,53,Ariel,Ariel,speech,dialogue,model,0.1106,35,a3aa1d12a2f8
Blood Omen,2,The Pillars of Nosgoth,54,Kain,Kain,speech,dialogue,none,,5,f01472495fe9
Blood Omen,2,The Pillars of Nosgoth,55,Ariel,Ariel,speech,dialogue,model,0.3126,63,1f71fa019bc9
Blood Omen,2,The Pillars of Nosgoth,56,,,action,,,,12,fcfcee89a8f2
Blood Omen,2,The Pillars of Nosgoth,57,Ariel,Ariel,speech,dialogue,model,0.0654,26,e2b4dd17c8c0
Blood Omen,2,The Pillars of Nosgoth,58,Kain,Kain,speech,dialogue,none,,9,a1ce4e8a9406
Blood Omen,2,The Pillars of Nosgoth,59,Ariel,Ariel,speech,dialogue,model,0.0062,7,0a709fd040dd
Blood Omen,2,The Pillars of Nosgoth,60,,,action,,,,8,cfc0c34e4a26
Blood Omen,2,The Pillars of Nosgoth,61,Kain,Kain,speech,dialogue,none,,95,e428247d787c
Blood Omen,3,Nupraptor's Retreat,62,,,action,,,,7,a6751e017e2d
Blood Omen,3,Nupraptor's Retreat,63,Kain,Kain,speech,narration,explicit_paren,,33,1f9ad69cf59e
Blood Omen,3,Nupraptor's Retreat,64,,,action,,,,12,becf112524c8
Blood Omen,3,Nupraptor's Retreat,65,Kain,Kain,speech,narration,explicit_paren,,15,40d532382c34
Blood Omen,3,Nupraptor's Retreat,66,Irmok,Irmok,speech,dialogue,model,0.1628,43,34947041dc44
Blood Omen,3,Nupraptor's Retreat,67,,,action,,,,9,470b43832d2e
Blood Omen,3,Nupraptor's Retreat,68,Kain,Kain,speech,narration,explicit_paren,,37,7b2a3d550229
Blood Omen,3,Nupraptor's Retreat,69,,,action,,,,9,3e0c2e98554f
Blood Omen,3,Nupraptor's Retreat,70,Kain,Kain,speech,narration,explicit_paren,,18,728d297cad7e
Blood Omen,3,Nupraptor's Retreat,71,,,action,,,,11,576a979dab2f
Blood Omen,3,Nupraptor's Retreat,72,Kain,Kain,speech,narration,explicit_paren,,16,cde9c0b74d62
Blood Omen,3,Nupraptor's Retreat,73,,,action,,,,7,337abea3ceae
Blood Omen,3,Nupraptor's Retreat,74,Kain,Kain,speech,narration,explicit_paren,,23,8058f7799ed8
Blood Omen,3,Nupraptor's Retreat,75,,,action,,,,6,d78d3f516b20
Blood Omen,3,Nupraptor's Retreat,76,Kain,Kain,speech,narration,explicit_paren,,20,f01285c7bf2b
Blood Omen,3,Nupraptor's Retreat,77,,,action,,,,8,08fd3f8d0051
Blood Omen,3,Nupraptor's Retreat,78,Kain,Kain,speech,narration,explicit_paren,,37,77cda5517f8b
Blood Omen,3,Nupraptor's Retreat,79,,,action,,,,10,78be7f921e7f
Blood Omen,3,Nupraptor's Retreat,80,,,action,,,,12,73a58c8df154
Blood Omen,3,Nupraptor's Retreat,81,,,action,,,,9,91cda99aafe1
Blood Omen,3,Nupraptor's Retreat,82,Kain,Kain,speech,narration,explicit_paren,,105,dafb139f0df8
Blood Omen,3,Nupraptor's Retreat,83,,,action,,,,14,f64906ced735
Blood Omen,3,Nupraptor's Retreat,84,Kain,Kain,speech,narration,explicit_paren,,30,a34b69bca63e
Blood Omen,3,Nupraptor's Retreat,85,,,action,,,,14,4b3bbeed92fb
Blood Omen,3,Nupraptor's Retreat,86,Kain,Kain,speech,narration,explicit_paren,,36,04df5a355571
Blood Omen,3,Nupraptor's Retreat,87,,,action,,,,7,4485f887d325
Blood Omen,3,Nupraptor's Retreat,88,Nupraptor,Nupraptor,speech,dialogue,model,0.0577,25,1ddc2c66bce5
Blood Omen,3,Nupraptor's Retreat,89,,,action,,,,9,771844b4ada6
Blood Omen,3,Nupraptor's Retreat,90,Kain,Kain,speech,narration,explicit_paren,,37,64a50b686007
Blood Omen,3,Nupraptor's Retreat,91,,,action,,,,7,6c5d58eee0b0
Blood Omen,3,Nupraptor's Retreat,92,Kain,Kain,speech,narration,explicit_paren,,15,1a8674a372b1
Blood Omen,4,Malek's Bastion,93,,,action,,,,7,e89b130783e2
Blood Omen,4,Malek's Bastion,94,Kain,Kain,speech,narration,explicit_paren,,94,0a0a25c61832
Blood Omen,4,Malek's Bastion,95,Ariel,Ariel,speech,dialogue,model,0.1844,45,1b2c3a9cff35
Blood Omen,4,Malek's Bastion,96,,,action,,,,4,c598365797e4
Blood Omen,4,Malek's Bastion,97,Kain,Kain,speech,narration,explicit_paren,,34,dca2d1de6b59
Blood Omen,4,Malek's Bastion,98,,,action,,,,11,a753c2858778
Blood Omen,4,Malek's Bastion,99,Kain,Kain,speech,narration,explicit_paren,,29,68bac71e29d9
Blood Omen,4,Malek's Bastion,100,,,action,,,,6,8f96b38950d1
Blood Omen,4,Malek's Bastion,101,Kain,Kain,speech,narration,explicit_paren,,26,dae95dc76e67
Blood Omen,4,Malek's Bastion,102,,,action,,,,6,840ede6919f0
Blood Omen,4,Malek's Bastion,103,Kain,Kain,speech,narration,explicit_paren,,22,8d7ae43d16f9
Blood Omen,4,Malek's Bastion,104,,,action,,,,7,2b96895ad786
Blood Omen,4,Malek's Bastion,105,Kain,Kain,speech,narration,explicit_paren,,31,620d875df5aa
Blood Omen,4,Malek's Bastion,106,,,action,,,,9,258fe1b2d245
Blood Omen,4,Malek's Bastion,107,,,action,,,,12,92e36f09fa61
Blood Omen,4,Malek's Bastion,108,Kain,Kain,speech,narration,explicit_paren,,23,d9679d746508
Blood Omen,4,Malek's Bastion,109,,,action,,,,10,a7bb7e1cea5c
Blood Omen,4,Malek's Bastion,110,,,action,,,,11,641c456fd4c3
Blood Omen,4,Malek's Bastion,111,,,action,,,,9,c0d5830bab43
Blood Omen,4,Malek's Bastion,112,Kain,Kain,speech,narration,explicit_paren,,42,0b6214f59193
Blood Omen,4,Malek's Bastion,113,,,action,,,,6,6566a99ee95b
Blood Omen,4,Malek's Bastion,114,,,action,,,,13,fe519c4b14a1
Blood Omen,4,Malek's Bastion,115,,,action,,,,6,0447f83dfe1e
Blood Omen,4,Malek's Bastion,116,,,action,,,,10,02edb3077a18
Blood Omen,4,Malek's Bastion,117,,,action,,,,6,4117a2ef74dd
Blood Omen,4,Malek's Bastion,118,,,action,,,,11,8ef2d36e22fb
Blood Omen,4,Malek's Bastion,119,,,action,,,,13,e8a7c7b7db48
Blood Omen,4,Malek's Bastion,120,Kain,Kain,speech,narration,explicit_paren,,29,447fe932e61c
Blood Omen,4,Malek's Bastion,121,,,action,,,,12,1f5a8c9dc076
Blood Omen,4,Malek's Bastion,122,,,action,,,,5,649b23aee314
Blood Omen,4,Malek's Bastion,123,Kain,Kain,speech,narration,explicit_paren,,25,406a8e884804
Blood Omen,4,Malek's Bastion,124,,,action,,,,8,1fadcb09cb8e
Blood Omen,4,Malek's Bastion,125,Kain,Kain,speech,narration,explicit_paren,,27,1d8436171602
Blood Omen,4,Malek's Bastion,126,,,action,,,,5,c88dc8c395dc
Blood Omen,4,Malek's Bastion,127,Kain,Kain,speech,narration,explicit_paren,,16,ba7c36bc9f22
Blood Omen,4,Malek's Bastion,128,,,action,,,,15,74db547e818f
Blood Omen,4,Malek's Bastion,129,,,action,,,,13,82b271a53c63
Blood Omen,4,Malek's Bastion,130,Kain,Kain,speech,narration,explicit_paren,,15,2dc856913a21
Blood Omen,5,The Oracle's Cave,131,,,action,,,,7,e89b130783e2
Blood Omen,5,The Oracle's Cave,132,Ariel,Ariel,speech,dialogue,model,0.0533,23,c74863952eb0
Blood Omen,5,The Oracle's Cave,133,,,action,,,,8,8f81eadf8e3c
Blood Omen,5,The Oracle's Cave,134,Kain,Kain,speech,narration,explicit_paren,,46,34396137ad10
Blood Omen,5,The Oracle's Cave,135,,,action,,,,10,8d1dfdef19bb
Blood Omen,5,The Oracle's Cave,136,,,action,,,,12,8223840d8084
Blood Omen,5,The Oracle's Cave,137,Kain,Kain,speech,narration,explicit_paren,,18,8199ef7f0984
Blood Omen,5,The Oracle's Cave,138,,,action,,,,7,cffa20fff4f2
Blood Omen,5,The Oracle's Cave,139,Kain,Kain,speech,narration,explicit_paren,,110,61531782d5b4
Blood Omen,5,The Oracle's Cave,140,,,action,,,,7,ae0aa42f0907
Blood Omen,5,The Oracle's Cave,141,Kain,Kain,speech,narration,explicit_paren,,23,2b5429f7763e
Blood Omen,5,The Oracle's Cave,142,,,action,,,,5,8b63f13573d9
Blood Omen,5,The Oracle's Cave,143,Kain,Kain,speech,narration,explicit_paren,,8,809c3ef40522
Blood Omen,5,The Oracle's Cave,144,,,action,,,,10,ba2ca71e266d
Blood Omen,5,The Oracle's Cave,145,Kain,Kain,speech,narration,explicit_paren,,21,f935c84e4d0c
Blood Omen,5,The Oracle's Cave,146,,,action,,,,5,d49cf2afe172
Blood Omen,5,The Oracle's Cave,147,The Oracle,The Oracle,speech,dialogue,model,0.0058,9,cfd2698aade1
Blood Omen,5,The Oracle's Cave,148,Kain,Kain,speech,dialogue,none,,5,0efe339cf662
Blood Omen,5,The Oracle's Cave,149,The Oracle,The Oracle,speech,dialogue,model,0.2110,49,c389c245e76a
Blood Omen,5,The Oracle's Cave,150,Kain,Kain,speech,dialogue,none,,21,e912c02b2f12
Blood Omen,5,The Oracle's Cave,151,The Oracle,The Oracle,speech,dialogue,constraint,,73,f4f9bba018d2
Blood Omen,5,The Oracle's Cave,152,Kain,Kain,speech,dialogue,none,,4,8a7651d92c69
Blood Omen,5,The Oracle's Cave,153,The Oracle,The Oracle,speech,dialogue,constraint,,11,cb4fad28649d
Blood Omen,5,The Oracle's Cave,154,Kain,Kain,speech,dialogue,none,,2,ec337dfd408f
Blood Omen,5,The Oracle's Cave,155,The Oracle,The Oracle,speech,dialogue,model,0.0268,15,302d3bcd641f
Blood Omen,5,The Oracle's Cave,156,,,action,,,,10,1bb9863243cc
Blood Omen,6,Vorador's Mansion,157,,,action,,,,11,434992b6ef66
Blood Omen,6,Vorador's Mansion,158,Kain,Kain,speech,narration,explicit_paren,,53,e7803a48dc15
Blood Omen,6,Vorador's Mansion,159,,,action,,,,7,026e11f3b3ba
Blood Omen,6,Vorador's Mansion,160,Kain,Kain,speech,narration,explicit_paren,,43,6287ff9a6258
Blood Omen,6,Vorador's Mansion,161,,,action,,,,4,ed187a8162ef
Blood Omen,6,Vorador's Mansion,162,Kain,Kain,speech,narration,explicit_paren,,37,05f3a283dfd5
Blood Omen,6,Vorador's Mansion,163,,,action,,,,6,b53118c30bce
Blood Omen,6,Vorador's Mansion,164,Kain,Kain,speech,narration,explicit_paren,,49,e5d5aa4d5d0c
Blood Omen,6,Vorador's Mansion,165,,,action,,,,11,75e826fc1224
Blood Omen,6,Vorador's Mansion,166,Kain,Kain,speech,narration,explicit_paren,,39,90ba10071dd7
Blood Omen,6,Vorador's Mansion,167,,,action,,,,5,3238c5c81e4e
Blood Omen,6,Vorador's Mansion,168,Kain,Kain,speech,narration,explicit_paren,,80,ee1eb824573d
Blood Omen,6,Vorador's Mansion,169,,,action,,,,10,d0782b727d8b
Blood Omen,6,Vorador's Mansion,170,Kain,Kain,speech,narration,explicit_paren,,48,ea15a16c5589
Blood Omen,6,Vorador's Mansion,171,,,action,,,,7,d31fe9c18820
Blood Omen,6,Vorador's Mansion,172,Kain,Kain,speech,narration,explicit_paren,,53,64e6c1c8cb19
Blood Omen,6,Vorador's Mansion,173,,,action,,,,8,657d286b0bda
Blood Omen,6,Vorador's Mansion,174,Kain,Kain,speech,narration,explicit_paren,,20,7474c386f2e3
Blood Omen,6,Vorador's Mansion,175,Vorador,Vorador,speech,dialogue,model,0.0664,25,71ae8c181bfe
Blood Omen,6,Vorador's Mansion,176,Kain,Kain,speech,narration,explicit_paren,,95,8ba529bee058
Blood Omen,6,Vorador's Mansion,177,Vorador,Vorador,speech,dialogue,model,0.2739,59,0084abe36c99
Blood Omen,6,Vorador's Mansion,178,,,action,,,,2,1198d9e78c92
Blood Omen,6,Vorador's Mansion,179,Vorador,Vorador,speech,dialogue,model,0.1314,36,f86c2a21db05
Blood Omen,6,Vorador's Mansion,180,,,action,,,,5,453cfb031f68
Blood Omen,6,Vorador's Mansion,181,Kain,Kain,speech,narration,explicit_paren,,58,c82d39c2d1f8
Blood Omen,7,Dark Eden,182,,,action,,,,11,8e7765c5ce4c
Blood Omen,7,Dark Eden,183,,,action,,,,14,06141e5b6d35
Blood Omen,7,Dark Eden,184,,,action,,,,7,226e397254e1
Blood Omen,7,Dark Eden,185,Kain,Kain,speech,narration,explicit_paren,,38,7770a4642ad7
Blood Omen,7,Dark Eden,186,,,action,,,,7,294a3ca51f89
Blood Omen,7,Dark Eden,187,Kain,Kain,speech,narration,explicit_paren,,52,058822bf2a90
Blood Omen,7,Dark Eden,188,,,action,,,,4,15657d9415ae
Blood Omen,7,Dark Eden,189,Kain,Kain,speech,narration,explicit_paren,,15,d1b9ef33fa84
Blood Omen,7,Dark Eden,190,,,action,,,,3,7e75b912decb
Blood Omen,7,Dark Eden,191,Kain,Kain,speech,narration,explicit_paren,,50,fde85d4fd431
Blood Omen,7,Dark Eden,192,,,action,,,,10,abe49863b1a3
Blood Omen,7,Dark Eden,193,Kain,Kain,speech,narration,explicit_paren,,25,393fb68c4654
Blood Omen,7,Dark Eden,194,,,action,,,,5,ac1cfd8caf07
Blood Omen,7,Dark Eden,195,Kain,Kain,speech,narration,explicit_paren,,29,ce17bff8a09a
Blood Omen,7,Dark Eden,196,,,action,,,,7,787a4669d0fc
Blood Omen,7,Dark Eden,197,Kain,Kain,speech,narration,explicit_paren,,19,c7b46f637728
Blood Omen,7,Dark Eden,198,,,action,,,,4,cfb652e8f03d
Blood Omen,7,Dark Eden,199,Kain,Kain,speech,narration,explicit_paren,,38,70e8a5baa6c0
Blood Omen,7,Dark Eden,200,,,action,,,,4,76f6adec54bf
Blood Omen,7,Dark Eden,201,Kain,Kain,speech,narration,explicit_paren,,52,8b1d9b701f1b
Blood Omen,7,Dark Eden,202,,,action,,,,11,bbca829ab552
Blood Omen,7,Dark Eden,203,Kain,Kain,speech,narration,explicit_paren,,23,3dc66860c064
Blood Omen,7,Dark Eden,204,Bane,Bane,speech,dialogue,model,0.3027,8,9c9c7473da81
Blood Omen,7,Dark Eden,205,DeJoule,DeJoule,speech,dialogue,constraint,,16,527f3097b3be
Blood Omen,7,Dark Eden,206,Anarcrothe,Anarcrothe,speech,dialogue,model,0.1876,7,61b9ca0c5051
Blood Omen,7,Dark Eden,207,,,action,,,,9,a21ecf8d4b3e
Blood Omen,7,Dark Eden,208,Kain,Kain,speech,dialogue,none,,15,c8cb1ec8324e
Blood Omen,7,Dark Eden,209,,,action,,,,6,3ce90e745562
Blood Omen,7,Dark Eden,210,Malek,Malek,speech,dialogue,model,0.1876,7,049e7d66a788
Blood Omen,7,Dark Eden,211,Vorador,Vorador,speech,dialogue,model,0.0255,13,e8eab03108f9
Blood Omen,7,Dark Eden,212,Malek,Malek,speech,dialogue,model,0.0395,17,b5cd88d4ac84
Blood Omen,7,Dark Eden,213,Kain,Kain,speech,narration,explicit_paren,,29,c38ffeecf88d
Blood Omen,7,Dark Eden,214,,,action,,,,12,f329bd0041a4
Blood Omen,7,Dark Eden,215,Kain,Kain,speech,narration,explicit_paren,,16,ff029682d5ff
Blood Omen,7,Dark Eden,216,,,action,,,,8,e9df814bf276
Blood Omen,7,Dark Eden,217,Kain,Kain,speech,narration,explicit_paren,,26,77c5da7dbbc9
Blood Omen,7,Dark Eden,218,,,action,,,,11,fab039a87b3e
Blood Omen,7,Dark Eden,219,Kain,Kain,speech,narration,explicit_paren,,23,3cd72aee911a
Blood Omen,7,Dark Eden,220,,,action,,,,11,448fe423da14
Blood Omen,7,Dark Eden,221,Kain,Kain,speech,narration,explicit_paren,,84,59a89b77f079
Blood Omen,7,Dark Eden,222,Ariel,Ariel,speech,dialogue,model,0.1153,36,ba9483031e31
Blood Omen,8,Avernus,223,,,action,,,,11,204ec4a62a16
Blood Omen,8,Avernus,224,Kain,Kain,speech,narration,explicit_paren,,6,80eadfd7942f
Blood Omen,8,Avernus,225,,,action,,,,5,b6d03c92e9d2
Blood Omen,8,Avernus,226,Kain,Kain,speech,narration,explicit_paren,,22,bc6866bd61dc
Blood Omen,8,Avernus,227,,,action,,,,7,7a31411d6281
Blood Omen,8,Avernus,228,Kain,Kain,speech,narration,explicit_paren,,31,ea3ff4263b12
Blood Omen,8,Avernus,229,,,action,,,,6,9fa8bd0b50aa
Blood Omen,8,Avernus,230,Kain,Kain,speech,narration,explicit_paren,,16,b0f290baa851
Blood Omen,8,Avernus,231,,,action,,,,5,364435d2c569
Blood Omen,8,Avernus,232,Kain,Kain,speech,narration,explicit_paren,,28,00c9806ab034
Blood Omen,8,Avernus,233,,,action,,,,13,0c2b94884320
Blood Omen,8,Avernus,234,Kain,Kain,speech,narration,explicit_paren,,43,96c7e2880540
Blood Omen,8,Avernus,235,,,action,,,,6,c3135bd33172
Blood Omen,8,Avernus,236,Kain,Kain,speech,narration,explicit_paren,,35,69dbf93c7037
Blood Omen,8,Avernus,237,,,action,,,,11,69e5c593aa82
Blood Omen,8,Avernus,238,Kain,Kain,speech,narration,explicit_paren,,9,3ad1d9e62cc9
Blood Omen,8,Avernus,239,,,action,,,,5,631618636350
Blood Omen,8,Avernus,240,Azimuth,Azimuth,speech,dialogue,model,0.1170,32,5dd2c345782a
Blood Omen,8,Avernus,241,,,action,,,,6,aa8c30c83d0b
Blood Omen,8,Avernus,242,Kain,Kain,speech,narration,explicit_paren,,19,1262c25f9d05
Blood Omen,8,Avernus,243,,,action,,,,5,dbb2b0349c2d
Blood Omen,8,Avernus,244,Azimuth,Azimuth,speech,dialogue,model,0.2506,10,3fe0757c3b45
Blood Omen,8,Avernus,245,,,action,,,,12,d1efe946734b
Blood Omen,8,Avernus,246,Kain,Kain,speech,narration,explicit_paren,,23,c42764f339db
Blood Omen,8,Avernus,247,,,action,,,,4,4f4e6f7e83d9
Blood Omen,8,Avernus,248,Kain,Kain,speech,narration,explicit_paren,,22,87f1d34bd0d8
Blood Omen,8,Avernus,249,,,action,,,,11,b35394d4fcd7
Blood Omen,8,Avernus,250,,,action,,,,8,543809613ef2
Blood Omen,8,Avernus,251,,,action,,,,7,e89b130783e2
Blood Omen,8,Avernus,252,Kain,Kain,speech,narration,explicit_paren,,10,bc7ff36a5bde
Blood Omen,8,Avernus,253,Ariel,Ariel,speech,dialogue,constraint,0.6894,126,ef4b94f6195f
Blood Omen,8,Avernus,254,Kain,Kain,speech,dialogue,none,,6,aa0c57949981
Blood Omen,8,Avernus,255,Ariel,Ariel,speech,dialogue,model,0.0164,14,6c74d934d00a
Blood Omen,9,Willendorf,256,,,action,,,,6,6fd6be38b8bc
Blood Omen,9,Willendorf,257,Kain,Kain,speech,narration,explicit_paren,,39,67bf08aeb42c
Blood Omen,9,Willendorf,258,,,action,,,,4,92583758a32e
Blood Omen,9,Willendorf,259,,,action,,,,11,58357df9e2cf
Blood Omen,9,Willendorf,260,,,action,,,,6,5be2877e287e
Blood Omen,9,Willendorf,261,Kain,Kain,speech,narration,explicit_paren,,39,12d82c1977f2
Blood Omen,9,Willendorf,262,,,action,,,,8,d5a403bfc239
Blood Omen,9,Willendorf,263,Kain,Kain,speech,narration,explicit_paren,,47,c0aff9efafa7
Blood Omen,9,Willendorf,264,,,action,,,,9,8824e32772f1
Blood Omen,9,Willendorf,265,Kain,Kain,speech,narration,explicit_paren,,65,1486533db824
Blood Omen,9,Willendorf,266,,,action,,,,4,34d5e62c66fa
Blood Omen,9,Willendorf,267,Kain,Kain,speech,narration,explicit_paren,,28,b25b0059d8c2
Blood Omen,9,Willendorf,268,,,action,,,,6,b9fa635f096a
Blood Omen,9,Willendorf,269,Kain,Kain,speech,narration,explicit_paren,,90,086b6f8a5a14
Blood Omen,9,Willendorf,270,,,action,,,,13,ba2eda967730
Blood Omen,9,Willendorf,271,Kain,Kain,speech,narration,explicit_paren,,57,64a463374a01
Blood Omen,9,Willendorf,272,,,action,,,,6,4d9ee20f39e4
Blood Omen,9,Willendorf,273,Kain,Kain,speech,dialogue,none,,16,f1b84bb1dada
Blood Omen,9,Willendorf,274,Man,Man,speech,dialogue,constraint,,12,ea6ca8281d22
Blood Omen,9,Willendorf,275,Kain,Kain,speech,dialogue,none,,23,22524da3edc9
Blood Omen,9,Willendorf,276,,,action,,,,13,779d9c507be2
Blood Omen,9,Willendorf,277,Kain,Kain,speech,narration,explicit_paren,,29,fe64fa789359
Blood Omen,9,Willendorf,278,King Ottmar,King Ottmar,speech,dialogue,constraint,0.9831,83,4f0ace422a54
Blood Omen,9,Willendorf,279,Kain,Kain,speech,narration,explicit_paren,,7,fb16ba09ee51
Blood Omen,9,Willendorf,280,King Ottmar,King Ottmar,speech,dialogue,constraint,,12,d7bc73eee79b
Blood Omen,9,Willendorf,281,Kain,Kain,speech,narration,explicit_paren,,52,4928e2d5799d
Blood Omen,9,Willendorf,282,,,action,,,,6,dd76b3240d0d
Blood Omen,9,Willendorf,283,Kain,Kain,speech,narration,explicit_paren,,63,593026ce1fb8
Blood Omen,9,Willendorf,284,,,action,,,,6,33f8fd9ebcd1
Blood Omen,9,Willendorf,285,Kain,Kain,speech,narration,explicit_paren,,43,17c74b238784
Blood Omen,9,Willendorf,286,,,action,,,,12,91a771149c25
Blood Omen,9,Willendorf,287,Kain,Kain,speech,dialogue,none,,7,16ad65660089
Blood Omen,9,Willendorf,288,Elzevir,Elzevir,speech,dialogue,model,0.0377,22,a348e39904f9
Blood Omen,9,Willendorf,289,,,action,,,,7,6d5ab068b989
Blood Omen,9,Willendorf,290,Kain,Kain,speech,dialogue,none,,8,89f75480bf36
Blood Omen,9,Willendorf,291,Elzevir,Elzevir,speech,dialogue,constraint,,12,56fd4b074cb5
Blood Omen,9,Willendorf,292,Kain,Kain,speech,dialogue,none,,7,17d341e6fdb4
Blood Omen,9,Willendorf,293,Elzevir,Elzevir,speech,dialogue,model,0.0024,8,ec4f95e55ff0
Blood Omen,9,Willendorf,294,,,action,,,,8,4e73da688330
Blood Omen,9,Willendorf,295,Elzevir,Elzevir,speech,dialogue,model,0.0140,10,868926a8ae41
Blood Omen,9,Willendorf,296,Kain,Kain,speech,narration,explicit_paren,,10,844f3e2922b3
Blood Omen,9,Willendorf,297,,,action,,,,7,a878ff835e74
Blood Omen,9,Willendorf,298,Kain,Kain,speech,narration,explicit_paren,,18,072d05b04075
Blood Omen,9,Willendorf,299,,,action,,,,7,5dfcdef00d92
Blood Omen,9,Willendorf,300,Kain,Kain,speech,narration,explicit_paren,,48,d124c5bd3f0b
Blood Omen,9,Willendorf,301,Ottmar,Ottmar,speech,dialogue,model,0.0734,31,3841cea4e446
Blood Omen,9,Willendorf,302,Kain,Kain,speech,dialogue,none,,25,f3608a4c73d8
Blood Omen,9,Willendorf,303,Ottmar,Ottmar,speech,dialogue,constraint,,15,e1462c6919e9
Blood Omen,9,Willendorf,304,,,action,,,,11,615824c965ad
Blood Omen,9,Willendorf,305,Ottmar,Ottmar,speech,dialogue,model,0.0804,31,8980c044de7c
Blood Omen,9,Willendorf,306,,,action,,,,10,64ac5ed99a82
Blood Omen,9,Willendorf,307,Kain,Kain,speech,narration,explicit_paren,,70,b50b16f7e749
Blood Omen,9,Willendorf,308,,,action,,,,11,316852e8852b
Blood Omen,9,Willendorf,309,Ottmar,Ottmar,speech,dialogue,constraint,0.8192,30,659ea4903393
Blood Omen,9,Willendorf,310,Kain,Kain,speech,narration,explicit_paren,,40,b6a90a42a6c4
Blood Omen,10,Time Streaming,311,,,action,,,,12,d325c7e91e7f
Blood Omen,10,Time Streaming,312,Kain,Kain,speech,narration,explicit_paren,,46,96b44483a027
Blood Omen,10,Time Streaming,313,,,action,,,,15,d4742c72cecd
Blood Omen,10,Time Streaming,314,Moebius,Moebius,speech,dialogue,model,0.0112,9,74232982a799
Blood Omen,10,Time Streaming,315,Mob,Mob,speech,dialogue,model,0.0086,1,1d59aef12a4c
Blood Omen,10,Time Streaming,316,Moebius,Moebius,speech,dialogue,model,0.0037,4,ae0c65eaa570
Blood Omen,10,Time Streaming,317,Mob,Mob,speech,dialogue,model,0.0086,1,1d59aef12a4c
Blood Omen,10,Time Streaming,318,Moebius,Moebius,speech,dialogue,model,0.0037,7,6c6e2922c258
Blood Omen,10,Time Streaming,319,Mob,Mob,speech,dialogue,model,0.0086,1,1d59aef12a4c
Blood Omen,10,Time Streaming,320,Moebius,Moebius,speech,dialogue,model,0.0461,4,7a4d76402140
Blood Omen,10,Time Streaming,321,Mob,Mob,speech,dialogue,model,0.0094,2,35a0453e7396
Blood Omen,10,Time Streaming,322,Moebius,Moebius,speech,dialogue,model,0.0004,3,0d76dd6c5925
Blood Omen,10,Time Streaming,323,Mob,Mob,speech,dialogue,model,0.0360,3,a1352d6c10c5
Blood Omen,10,Time Streaming,324,Moebius,Moebius,speech,dialogue,model,0.0194,15,1c112c165da3
Blood Omen,10,Time Streaming,325,,,action,,,,14,7efdbd640acf
Blood Omen,10,Time Streaming,326,Kain,Kain,speech,narration,explicit_paren,,25,e53f3b4f0d47
Blood Omen,10,Time Streaming,327,,,action,,,,6,f0d6b5f26be3
Blood Omen,10,Time Streaming,328,Kain,Kain,speech,narration,explicit_paren,,27,b19c3cd1ad7b
Blood Omen,10,Time Streaming,329,,,action,,,,10,71081468e090
Blood Omen,10,Time Streaming,330,William the Just,William the Just,speech,dialogue,model,0.0283,18,e12de5084662
Blood Omen,10,Time Streaming,331,Moebius,Moebius,speech,dialogue,model,0.0469,23,fd0d5584d7f7
Blood Omen,10,Time Streaming,332,William the Just,William the Just,speech,dialogue,model,0.0385,18,45309954ed30
Blood Omen,10,Time Streaming,333,Moebius,Moebius,speech,dialogue,model,0.0234,14,4ec84da82697
Blood Omen,10,Time Streaming,334,William the Just,William the Just,speech,dialogue,model,0.0342,18,47e9c91043d5
Blood Omen,10,Time Streaming,335,Moebius,Moebius,speech,dialogue,model,0.0104,12,dcb94049cbcd
Blood Omen,10,Time Streaming,336,,,action,,,,8,fd88571ffadc
Blood Omen,10,Time Streaming,337,William the Just,William the Just,speech,dialogue,model,0.0146,10,dcd2e2d1d210
Blood Omen,10,Time Streaming,338,,,action,,,,12,756266f2bd1d
Blood Omen,10,Time Streaming,339,Kain,Kain,speech,narration,explicit_paren,,40,05eb72485885
Blood Omen,10,Time Streaming,340,,,action,,,,5,2ccb4a336633
Blood Omen,10,Time Streaming,341,Kain,Kain,speech,narration,explicit_paren,,16,4a9eb30aee6a
Blood Omen,10,Time Streaming,342,,,action,,,,11,60f7ae909b8a
Blood Omen,10,Time Streaming,343,Kain,Kain,speech,narration,explicit_paren,,17,be5d8e3ea3b1
Blood Omen,10,Time Streaming,344,,,action,,,,7,7d47284bbec9
Blood Omen,10,Time Streaming,345,Kain,Kain,speech,narration,explicit_paren,,42,a7d489110fd7
Blood Omen,10,Time Streaming,346,,,action,,,,13,6100f6d654a4
Blood Omen,10,Time Streaming,347,Kain,Kain,speech,narration,explicit_paren,,34,a49cf73ed539
Blood Omen,10,Time Streaming,348,,,action,,,,6,e5f018b094ee
Blood Omen,10,Time Streaming,349,Kain,Kain,speech,narration,explicit_paren,,33,2970334eb7da
Blood Omen,10,Time Streaming,350,,,action,,,,7,c289b5671ec2
Blood Omen,10,Time Streaming,351,Kain,Kain,speech,narration,explicit_paren,,43,0085e26a8311
Blood Omen,10,Time Streaming,352,,,action,,,,11,124b41f81078
Blood Omen,10,Time Streaming,353,Executioner,Executioner,speech,dialogue,model,0.1568,7,87f0a972474e
Blood Omen,10,Time Streaming,354,Moebius,Moebius,speech,dialogue,model,0.0391,17,9d691f67e074
Blood Omen,10,Time Streaming,355,Mob,Mob,speech,dialogue,model,0.0086,1,1d59aef12a4c
Blood Omen,10,Time Streaming,356,Moebius,Moebius,speech,dialogue,model,0.0186,13,1467f97f62d2
Blood Omen,10,Time Streaming,357,Mob,Mob,speech,dialogue,model,0.0086,1,1d59aef12a4c
Blood Omen,10,Time Streaming,358,Moebius,Moebius,speech,dialogue,model,0.1560,6,d6c9a9668ebc
Blood Omen,10,Time Streaming,359,Mob,Mob,speech,dialogue,model,0.0360,3,a1352d6c10c5
Blood Omen,10,Time Streaming,360,Moebius,Moebius,speech,dialogue,model,0.0544,4,7a52bf2512ad
Blood Omen,10,Time Streaming,361,,,action,,,,8,f01a0a54adc8
Blood Omen,10,Time Streaming,362,Moebius,Moebius,speech,dialogue,model,0.0278,2,c2611a31c382
Blood Omen,10,Time Streaming,363,Kain,Kain,speech,narration,explicit_paren,,63,fcbfa858338c
Blood Omen,10,Time Streaming,364,Moebius,Moebius,speech,dialogue,model,0.1590,44,870d9fee7442
Blood Omen,10,Time Streaming,365,,,action,,,,10,1234603c3900
Blood Omen,10,Time Streaming,366,Moebius,Moebius,speech,dialogue,model,0.0555,3,1a8fae6fae06
Blood Omen,10,Time Streaming,367,,,action,,,,5,22c1d426ef5d
Blood Omen,10,Time Streaming,368,Moebius,Moebius,speech,dialogue,model,0.1938,6,e416e15861c3
Blood Omen,10,Time Streaming,369,,,action,,,,13,8a7c73b7e3f6
Blood Omen,10,Time Streaming,370,Kain,Kain,speech,dialogue,none,,18,565f69e26731
Blood Omen,10,Time Streaming,371,Moebius,Moebius,speech,dialogue,model,0.0257,18,8a0d2cf6f1de
Blood Omen,10,Time Streaming,372,,,action,,,,8,35ec06433ca6
Blood Omen,10,Time Streaming,373,Kain,Kain,speech,dialogue,none,,4,57942799d62d
Blood Omen,10,Time Streaming,374,,,action,,,,9,7b15f3bf22c7
Blood Omen,10,Time Streaming,375,Kain,Kain,speech,dialogue,none,,3,ae541b13d2f7
Blood Omen,10,Time Streaming,376,,,action,,,,4,174b136cda57
Blood Omen,10,Time Streaming,377,Kain,Kain,speech,narration,explicit_paren,,25,867e6ef0ca8e
Blood Omen,10,Time Streaming,378,,,action,,,,12,677ac363f4cb
Blood Omen,11,Grand Finale at the Pillars,379,,,action,,,,12,8e3198e62bd0
Blood Omen,11,Grand Finale at the Pillars,380,Anarcrothe,Anarcrothe,speech,dialogue,model,0.0582,19,97d37911e492
Blood Omen,11,Grand Finale at the Pillars,381,Mortanius,Mortanius,speech,dialogue,constraint,0.8627,24,2c2890a56574
Blood Omen,11,Grand Finale at the Pillars,382,Anarcrothe,Anarcrothe,speech,dialogue,constraint,0.8015,30,f7c6ba82accc
Blood Omen,11,Grand Finale at the Pillars,383,Mortanius,Mortanius,speech,dialogue,model,0.0440,4,3ce866d4fce5
Blood Omen,11,Grand Finale at the Pillars,384,,,action,,,,12,408298d7de33
Blood Omen,11,Grand Finale at the Pillars,385,Kain,Kain,speech,dialogue,none,,25,4c79519c71e3
Blood Omen,11,Grand Finale at the Pillars,386,Mortanius,Mortanius,speech,dialogue,constraint,,17,c933d3d6d624
Blood Omen,11,Grand Finale at the Pillars,387,,,action,,,,12,2c55a7355789
Blood Omen,11,Grand Finale at the Pillars,388,The Unspoken,The Unspoken,speech,dialogue,model,0.0583,21,e566e4c22a07
Blood Omen,11,Grand Finale at the Pillars,389,Kain,Kain,speech,dialogue,none,,4,e987e541baed
Blood Omen,11,Grand Finale at the Pillars,390,The Unspoken,The Unspoken,speech,dialogue,model,0.1531,39,db331c4d8cd9
Blood Omen,11,Grand Finale at the Pillars,391,Kain,Kain,speech,dialogue,none,,2,ea7ab0b3484f
Blood Omen,11,Grand Finale at the Pillars,392,,,action,,,,10,4b3e1863eb63
Blood Omen,11,Grand Finale at the Pillars,393,Kain,Kain,speech,narration,explicit_paren,,91,14817b82bc8e
Blood Omen,11,Grand Finale at the Pillars,394,,,action,,,,12,55e63cdaf287
Blood Omen,11,Grand Finale at the Pillars,395,Kain,Kain,speech,narration,explicit_paren,,26,87ac263aef36
Blood Omen,11,Grand Finale at the Pillars,396,,,action,,,,14,e6344b31986a
Blood Omen,11,Grand Finale at the Pillars,397,Kain,Kain,speech,narration,explicit_paren,,25,bdc6b0d7cede
Blood Omen,11,Grand Finale at the Pillars,398,,,action,,,,12,42698b52d508
Blood Omen,11,Grand Finale at the Pillars,399,,,action,,,,10,506d72393333
Blood Omen,11,Grand Finale at the Pillars,400,Ariel,Ariel,speech,dialogue,constraint,0.8657,28,71b0e6dedfcf
Soul Reaver,1,PROLOGUE,1,,,action,,,,14,efa895f897d4
Soul Reaver,1,PROLOGUE,2,Raziel,Raziel,speech,narration,model,0.8876,34,ea9b539e5292
Soul Reaver,1,PROLOGUE,3,,,action,,,,11,cbaa924730d5
Soul Reaver,1,PROLOGUE,4,Raziel,Raziel,speech,narration,model,0.9655,66,a79eff0a32d9
Soul Reaver,1,PROLOGUE,5,,,action,,,,12,886ba61591f4
Soul Reaver,1,PROLOGUE,6,Raziel,Raziel,speech,narration,manual,,10,18a2527ee6bb
Soul Reaver,1,PROLOGUE,7,,,action,,,,13,7554ed3c9c54
Soul Reaver,1,PROLOGUE,8,Raziel,Raziel,speech,dialogue,model,0.0168,1,fef0dc6b5cbd
Soul Reaver,1,PROLOGUE,9,,,action,,,,14,3a7b31ee80cd
Soul Reaver,1,PROLOGUE,10,Raziel,Raziel,speech,narration,model,0.8888,34,2b93703ed113
Soul Reaver,1,PROLOGUE,11,,,action,,,,16,20cbf09abfe9
Soul Reaver,1,PROLOGUE,12,Kain,Kain,speech,dialogue,model,0.0555,3,cf8edc50a2f9
Soul Reaver,1,PROLOGUE,13,,,action,,,,7,f24260bd2f53
Soul Reaver,1,PROLOGUE,14,Raziel,Raziel,speech,dialogue,model,0.0001,1,69f55d365932
Soul Reaver,1,PROLOGUE,15,,,action,,,,14,d6acf6df0421
Soul Reaver,1,PROLOGUE,16,Raziel,Raziel,speech,narration,model,0.9105,36,7a934de58de6
Soul Reaver,1,PROLOGUE,17,,,action,,,,13,0cc74b792bf9
Soul Reaver,1,PROLOGUE,18,Raziel,Raziel,speech,narration,manual,,15,ae0476f10a17
Soul Reaver,1,PROLOGUE,19,,,action,,,,14,4e8c6ecaf3e7
Soul Reaver,1,PROLOGUE,20,Raziel,Raziel,speech,narration,manual,,9,1e620d693086
Soul Reaver,1,PROLOGUE,21,,,action,,,,4,0e03c980fde9
Soul Reaver,1,PROLOGUE,22,Elder God,Elder God,speech,dialogue,model,0.0013,4,755aaaf2605b
Soul Reaver,1,PROLOGUE,23,,,action,,,,11,9d3ba0d916bc
Soul Reaver,2,THE REAVER OF SOULS,24,Elder God,Elder God,speech,dialogue,model,0.0039,7,80627a7e43aa
Soul Reaver,2,THE REAVER OF SOULS,25,Raziel,Raziel,speech,dialogue,model,0.0461,4,f7372b0285e9
Soul Reaver,2,THE REAVER OF SOULS,26,,,action,,,,3,ce16d41f7d62
Soul Reaver,2,THE REAVER OF SOULS,27,Raziel,Raziel,speech,dialogue,manual,,20,91ea76213f97
Soul Reaver,2,THE REAVER OF SOULS,28,Elder God,Elder God,speech,dialogue,model,0.0305,15,d5d5e09ec6f1
Soul Reaver,2,THE REAVER OF SOULS,29,,,action,,,,5,3f028f0d704b
Soul Reaver,2,THE REAVER OF SOULS,30,Raziel,Raziel,speech,dialogue,model,0.2028,7,b18862dca38e
Soul Reaver,2,THE REAVER OF SOULS,31,Elder God,Elder God,speech,dialogue,model,0.0022,5,2b562c2ec506
Soul Reaver,2,THE REAVER OF SOULS,32,Raziel,Raziel,speech,dialogue,model,0.0487,3,430cb63590cd
Soul Reaver,2,THE REAVER OF SOULS,33,Elder God,Elder God,speech,dialogue,model,0.2937,61,a008dd4e096b
Soul Reaver,2,THE REAVER OF SOULS,34,,,action,,,,9,3db13eb76889
Soul Reaver,2,THE REAVER OF SOULS,35,Elder God,Elder God,speech,dialogue,model,0.2235,49,1721324dffaa
Soul Reaver,3,TRAINING,36,,,action,,,,6,002022d7d8a1
Soul Reaver,3,TRAINING,37,Elder God,Elder God,speech,dialogue,model,0.0564,23,2ac843c7c176
Soul Reaver,3,TRAINING,38,,,action,,,,13,7d0f3b132430
Soul Reaver,3,TRAINING,39,Elder God,Elder God,speech,dialogue,model,0.0034,6,3543324fe108
Soul Reaver,3,TRAINING,40,Raziel,Raziel,speech,dialogue,manual,,12,0491b2ac9271
Soul Reaver,3,TRAINING,41,Elder God,Elder God,speech,dialogue,model,0.1546,39,20452f8e761a
Soul Reaver,3,TRAINING,42,,,action,,,,14,2bea4db24de6
Soul Reaver,3,TRAINING,43,Elder God,Elder God,speech,dialogue,model,0.0559,23,a446c5a03475
Soul Reaver,3,TRAINING,44,,,action,,,,13,15a8b87814e4
Soul Reaver,3,TRAINING,45,Raziel,Raziel,speech,dialogue,model,0.0783,5,5dcdfb984438
Soul Reaver,3,TRAINING,46,Elder God,Elder God,speech,dialogue,constraint,0.7134,21,0cc71ad0a47e
Soul Reaver,3,TRAINING,47,,,action,,,,13,cff41a36fc46
Soul Reaver,3,TRAINING,48,Elder God,Elder God,speech,dialogue,model,0.2701,57,02c3b7e428c5
Soul Reaver,3,TRAINING,49,,,action,,,,5,acdc6b4b0057
Soul Reaver,3,TRAINING,50,Elder God,Elder God,speech,dialogue,model,0.0771,26,5b205cfc2e44
Soul Reaver,3,TRAINING,51,,,action,,,,13,6c98d89f96fe
Soul Reaver,3,TRAINING,52,Elder God,Elder God,speech,dialogue,model,0.2168,50,c9543282d22d
Soul Reaver,3,TRAINING,53,,,action,,,,14,234086187c43
Soul Reaver,3,TRAINING,54,Raziel,Raziel,speech,dialogue,model,0.0461,4,604559a7258c
Soul Reaver,3,TRAINING,55,Elder God,Elder God,speech,dialogue,model,0.0129,13,42e75132663d
Soul Reaver,3,TRAINING,56,Raziel,Raziel,speech,dialogue,manual,,14,b60c7cfcd4ea
Soul Reaver,3,TRAINING,57,Elder God,Elder God,speech,dialogue,model,0.0556,21,a811859cbc88
Soul Reaver,3,TRAINING,58,,,action,,,,9,b3bb9e64c32e
Soul Reaver,3,TRAINING,59,Raziel,Raziel,speech,narration,model,0.9554,58,84051d5c738e
Soul Reaver,3,TRAINING,60,,,action,,,,5,3a0e8bc4e640
Soul Reaver,3,TRAINING,61,Elder God,Elder God,speech,dialogue,model,0.0806,25,de764dcc7b6e
Soul Reaver,3,TRAINING,62,,,action,,,,14,100b6807915d
Soul Reaver,3,TRAINING,63,Elder God,Elder God,speech,dialogue,model,0.0362,16,257acbb7ec4a
Soul Reaver,3,TRAINING,64,,,action,,,,13,5aadc92e0038
Soul Reaver,4,THE RUINS OF THE SANCTUARY OF THE CLANS,65,,,action,,,,14,d5d0145d0949
Soul Reaver,4,THE RUINS OF THE SANCTUARY OF THE CLANS,66,Raziel,Raziel,speech,dialogue,model,0.0179,2,9b9a1b0c01a6
Soul Reaver,4,THE RUINS OF THE SANCTUARY OF THE CLANS,67,,,action,,,,2,58ee6f6f3eee
Soul Reaver,4,THE RUINS OF THE SANCTUARY OF THE CLANS,68,Raziel,Raziel,speech,narration,model,0.9599,52,f026e084f190
Soul Reaver,4,THE RUINS OF THE SANCTUARY OF THE CLANS,69,,,action,,,,8,449c3e294bca
Soul Reaver,4,THE RUINS OF THE SANCTUARY OF THE CLANS,70,Elder God,Elder God,speech,dialogue,constraint,,72,595af2b37ab1
Soul Reaver,4,THE RUINS OF THE SANCTUARY OF THE CLANS,71,,,action,,,,12,fb09b6ada9b0
Soul Reaver,5,THE LAKE OF THE DEAD,72,,,action,,,,13,027e944424a5
Soul Reaver,5,THE LAKE OF THE DEAD,73,Raziel,Raziel,speech,narration,model,0.7618,21,9ad608c30c3e
Soul Reaver,5,THE LAKE OF THE DEAD,74,,,action,,,,8,347a5fb3dd40
Soul Reaver,5,THE LAKE OF THE DEAD,75,Raziel,Raziel,speech,narration,model,0.9215,36,172757a0b60d
Soul Reaver,6,HOMECOMING,76,,,action,,,,12,c39c26fe5fa9
Soul Reaver,6,HOMECOMING,77,Raziel,Raziel,speech,narration,model,0.7975,22,685bc079c19b
Soul Reaver,6,HOMECOMING,78,,,action,,,,11,29c6218c3a1b
Soul Reaver,6,HOMECOMING,79,Human,Human,speech,dialogue,model,0.0360,3,b53c76508651
Soul Reaver,6,HOMECOMING,80,,,action,,,,8,a4aaa622d38e
Soul Reaver,6,HOMECOMING,81,Raziel,Raziel,speech,narration,model,0.7913,21,6d93e66e99b2
Soul Reaver,7,MELCHIAH,82,,,action,,,,11,5bdd6bca43d9
Soul Reaver,7,MELCHIAH,83,Raziel,Raziel,speech,narration,model,0.9411,41,715fb4f4f22a
Soul Reaver,7,MELCHIAH,84,,,action,,,,14,662cbf7addfd
Soul Reaver,7,MELCHIAH,85,Raziel,Raziel,speech,narration,model,0.9580,50,b802625d06a7
Soul Reaver,7,MELCHIAH,86,,,action,,,,13,ff84ebb708a5
Soul Reaver,7,MELCHIAH,87,Elder God,Elder God,speech,dialogue,constraint,0.8853,36,ed0f56bae17d
Soul Reaver,7,MELCHIAH,88,,,action,,,,13,a231f9222ab9
Soul Reaver,7,MELCHIAH,89,Raziel,Raziel,speech,dialogue,model,0.0011,3,df7c0919ab7a
Soul Reaver,7,MELCHIAH,90,Melchiah,Melchiah,speech,dialogue,model,0.0066,10,5706725fea12
Soul Reaver,7,MELCHIAH,91,,,action,,,,13,431974b10153
Soul Reaver,7,MELCHIAH,92,Raziel,Raziel,speech,dialogue,model,0.0043,1,60d31bfdca5b
Soul Reaver,7,MELCHIAH,93,Melchiah,Melchiah,speech,dialogue,model,0.0416,20,68253a81db8e
Soul Reaver,7,MELCHIAH,94,Raziel,Raziel,speech,dialogue,model,0.0311,20,9c164000e6dd
Soul Reaver,7,MELCHIAH,95,Melchiah,Melchiah,speech,dialogue,model,0.1529,44,7c49afeb8ffd
Soul Reaver,7,MELCHIAH,96,Raziel,Raziel,speech,dialogue,model,0.0034,7,c128c2d3746c
Soul Reaver,7,MELCHIAH,97,Melchiah,Melchiah,speech,dialogue,model,0.0019,5,2b5aa9a748e3
Soul Reaver,7,MELCHIAH,98,,,action,,,,12,eaa7da4e56f2
Soul Reaver,7,MELCHIAH,99,Raziel,Raziel,speech,dialogue,model,0.2196,9,e0b6f90b792e
Soul Reaver,7,MELCHIAH,100,Melchiah,Melchiah,speech,dialogue,model,0.0391,18,65a0781ac7d8
Soul Reaver,7,MELCHIAH,101,,,action,,,,9,87d7fc585028
Soul Reaver,7,MELCHIAH,102,Melchiah,Melchiah,speech,dialogue,model,0.0487,3,e0ded437d3a7
Soul Reaver,7,MELCHIAH,103,,,action,,,,14,d5a2d8dbd813
Soul Reaver,7,MELCHIAH,104,Elder God,Elder God,speech,dialogue,model,0.0022,5,40fcd0e1a30f
Soul Reaver,7,MELCHIAH,105,Raziel,Raziel,speech,dialogue,model,0.2356,9,61be0cb43bfe
Soul Reaver,7,MELCHIAH,106,Elder God,Elder God,speech,dialogue,model,0.0351,14,48f5eb32c425
Soul Reaver,7,MELCHIAH,107,,,action,,,,9,823286b8a8ac
Soul Reaver,7,MELCHIAH,108,,,action,,,,13,386cd6b918dd
Soul Reaver,7,MELCHIAH,109,Elder God,Elder God,speech,dialogue,model,0.0636,23,186a179776bf
Soul Reaver,8,Kain: First Blood,110,,,action,,,,15,98c5969a2fb9
Soul Reaver,8,Kain: First Blood,111,Kain,Kain,speech,dialogue,model,0.0168,1,a66d982c1226
Soul Reaver,8,Kain: First Blood,112,Raziel,Raziel,speech,dialogue,model,0.0086,1,5748b3ed59c2
Soul Reaver,8,Kain: First Blood,113,Kain,Kain,speech,dialogue,model,0.1006,5,cf51b6396a3d
Soul Reaver,8,Kain: First Blood,114,,,action,,,,10,d600408c1347
Soul Reaver,8,Kain: First Blood,115,Raziel,Raziel,speech,dialogue,model,0.0454,25,fac506ae692b
Soul Reaver,8,Kain: First Blood,116,Kain,Kain,speech,dialogue,model,0.2569,9,ba9d64138f25
Soul Reaver,8,Kain: First Blood,117,Raziel,Raziel,speech,dialogue,model,0.0122,13,a8d4caf04456
Soul Reaver,8,Kain: First Blood,118,Kain,Kain,speech,dialogue,constraint,,82,c277cae97a3f
Soul Reaver,8,Kain: First Blood,119,Raziel,Raziel,speech,dialogue,model,0.1267,5,76ac1ecbb7fb
Soul Reaver,8,Kain: First Blood,120,Kain,Kain,speech,dialogue,model,0.1192,34,681801c2a23e
Soul Reaver,8,Kain: First Blood,121,,,action,,,,12,79a2cd29dd49
Soul Reaver,8,Kain: First Blood,122,Raziel,Raziel,speech,narration,manual,,56,68269ac59e2f
Soul Reaver,8,Kain: First Blood,123,,,action,,,,13,d914a1ee6a65
Soul Reaver,8,Kain: First Blood,124,Kain,Kain,speech,dialogue,constraint,,15,1138924b820a
Soul Reaver,8,Kain: First Blood,125,,,action,,,,14,841900434bcc
Soul Reaver,8,Kain: First Blood,126,Raziel,Raziel,speech,narration,model,0.9081,33,a9012f8f5cbe
Soul Reaver,8,Kain: First Blood,127,,,action,,,,12,26b851068888
Soul Reaver,8,Kain: First Blood,128,Elder God,Elder God,speech,dialogue,constraint,,74,d22e267be3d6
Soul Reaver,8,Kain: First Blood,129,,,action,,,,16,536d3c53a9d9
Soul Reaver,8,Kain: First Blood,130,Ariel,Ariel,speech,dialogue,model,0.0194,15,d0f0f5cd3c73
Soul Reaver,8,Kain: First Blood,131,Raziel,Raziel,speech,dialogue,model,0.0099,8,32dc1ee3f558
Soul Reaver,8,Kain: First Blood,132,Ariel,Ariel,speech,dialogue,constraint,0.9134,46,6aef2562bc2b
Soul Reaver,8,Kain: First Blood,133,Raziel,Raziel,speech,dialogue,model,0.0051,8,e3ee5f287b6d
Soul Reaver,8,Kain: First Blood,134,Ariel,Ariel,speech,dialogue,model,0.1963,42,85e5e17b27e1
Soul Reaver,8,Kain: First Blood,135,Raziel,Raziel,speech,dialogue,model,0.2173,8,9fb0d3d79dcc
Soul Reaver,8,Kain: First Blood,136,Ariel,Ariel,speech,dialogue,model,0.0371,19,0d00108b48c2
Soul Reaver,8,Kain: First Blood,137,,,action,,,,14,890c867a453e
Soul Reaver,8,Kain: First Blood,138,Elder God,Elder God,speech,dialogue,model,0.1601,36,12ab3278c025
Soul Reaver,9,THE SILENCED CATHEDRAL,139,,,action,,,,12,f1c3c1efeb9d
Soul Reaver,9,THE SILENCED CATHEDRAL,140,Raziel,Raziel,speech,narration,model,0.9700,62,d88eeaf2f269
Soul Reaver,9,THE SILENCED CATHEDRAL,141,,,action,,,,12,d206cce088b6
Soul Reaver,9,THE SILENCED CATHEDRAL,142,Zephon,Zephon,speech,dialogue,model,0.0098,10,e1c429ee5238
Soul Reaver,9,THE SILENCED CATHEDRAL,143,Raziel,Raziel,speech,dialogue,model,0.0167,12,36ba52fee87f
Soul Reaver,9,THE SILENCED CATHEDRAL,144,Zephon,Zephon,speech,dialogue,model,0.2534,52,a6b53448767e
Soul Reaver,9,THE SILENCED CATHEDRAL,145,Raziel,Raziel,speech,dialogue,model,0.1544,40,3acd5c64bb09
Soul Reaver,9,THE SILENCED CATHEDRAL,146,Zephon,Zephon,speech,dialogue,model,0.0595,26,958897a82e30
Soul Reaver,9,THE SILENCED CATHEDRAL,147,,,action,,,,9,20fe68f0e0e6
Soul Reaver,9,THE SILENCED CATHEDRAL,148,Elder God,Elder God,speech,dialogue,model,0.1681,43,ae17237ff58e
Soul Reaver,9,THE SILENCED CATHEDRAL,149,,,action,,,,6,2e4b83b93c42
Soul Reaver,9,THE SILENCED CATHEDRAL,150,Elder God,Elder God,speech,dialogue,model,0.1093,27,1a1db01d2ade
Soul Reaver,10,THE TOMB OF THE SARAFAN,151,,,action,,,,12,2cf1a8dd0861
Soul Reaver,10,THE TOMB OF THE SARAFAN,152,Raziel,Raziel,speech,narration,model,0.9815,72,fb409efd03e0
Soul Reaver,10,THE TOMB OF THE SARAFAN,153,,,action,,,,9,aa19e1c3ef1b
Soul Reaver,10,THE TOMB OF THE SARAFAN,154,Elder God,Elder God,speech,dialogue,model,0.0305,15,a7bde7cd8baf
Soul Reaver,10,THE TOMB OF THE SARAFAN,155,,,action,,,,17,2c53cbbe6595
Soul Reaver,10,THE TOMB OF THE SARAFAN,156,Raziel,Raziel,speech,narration,model,0.8593,25,0d282a888d68
Soul Reaver,10,THE TOMB OF THE SARAFAN,157,,,action,,,,12,11c0144dcfc2
Soul Reaver,10,THE TOMB OF THE SARAFAN,158,Raziel,Raziel,speech,narration,model,0.9583,54,332fc202e7e6
Soul Reaver,10,THE TOMB OF THE SARAFAN,159,Elder God,Elder God,speech,dialogue,constraint,,54,df739d79e501
Soul Reaver,10,THE TOMB OF THE SARAFAN,160,,,action,,,,11,3f637a12951f
Soul Reaver,10,THE TOMB OF THE SARAFAN,161,Tomb Guardian,Tomb Guardian,speech,dialogue,model,0.0019,5,0bf07d9445c1
Soul Reaver,10,THE TOMB OF THE SARAFAN,162,Raziel,Raziel,speech,dialogue,model,0.0528,23,23df0bbb137a
Soul Reaver,10,THE TOMB OF THE SARAFAN,163,Tomb Guaridan,Tomb Guardian,speech,dialogue,model,0.0119,12,fc61a5e8a6bf
Soul Reaver,10,THE TOMB OF THE SARAFAN,164,Raziel,Raziel,speech,dialogue,model,0.0235,15,c902c2eddd19
Soul Reaver,10,THE TOMB OF THE SARAFAN,165,,,action,,,,12,21a614eddd7e
Soul Reaver,10,THE TOMB OF THE SARAFAN,166,Elder God,Elder God,speech,dialogue,model,0.1837,43,bbe05e292b02
Soul Reaver,10,THE TOMB OF THE SARAFAN,167,,,action,,,,5,7bbd051cb885
Soul Reaver,11,THE DROWNED ABBEY,168,,,action,,,,9,fc79e8d77baa
Soul Reaver,11,THE DROWNED ABBEY,169,Elder God,Elder God,speech,dialogue,model,0.3443,59,242594195cee
Soul Reaver,11,THE DROWNED ABBEY,170,,,action,,,,13,06abaf1f93a3
Soul Reaver,11,THE DROWNED ABBEY,171,Rahab,Rahab,speech,dialogue,model,0.0168,1,a66d982c1226
Soul Reaver,11,THE DROWNED ABBEY,172,Raziel,Raziel,speech,dialogue,model,0.0220,12,03f43d03fa54
Soul Reaver,11,THE DROWNED ABBEY,173,Rahab,Rahab,speech,dialogue,model,0.0608,24,bc2e09c7b1c1
Soul Reaver,11,THE DROWNED ABBEY,174,Raziel,Raziel,speech,dialogue,model,0.0025,5,ccb7e076335d
Soul Reaver,11,THE DROWNED ABBEY,175,Rahab,Rahab,speech,dialogue,model,0.0076,9,a58046e69749
Soul Reaver,11,THE DROWNED ABBEY,176,Raziel,Raziel,speech,dialogue,model,0.0058,6,d38e452a996e
Soul Reaver,11,THE DROWNED ABBEY,177,Rahab,Rahab,speech,dialogue,model,0.0028,5,14fc79e22848
Soul Reaver,11,THE DROWNED ABBEY,178,Raziel,Raziel,speech,dialogue,model,0.0602,24,de291d154cb5
Soul Reaver,11,THE DROWNED ABBEY,179,Rahab,Rahab,speech,dialogue,model,0.0168,1,8f3ceab72d0d
Soul Reaver,11,THE DROWNED ABBEY,180,Raziel,Raziel,speech,dialogue,manual,,9,c61f40150d5c
Soul Reaver,11,THE DROWNED ABBEY,181,Rahab,Rahab,speech,dialogue,model,0.3377,9,eeabebaf5c65
Soul Reaver,11,THE DROWNED ABBEY,182,Raziel,Raziel,speech,dialogue,model,0.0847,4,10193a095bf3
Soul Reaver,11,THE DROWNED ABBEY,183,Rahab,Rahab,speech,dialogue,model,0.0386,2,142f133c4f07
Soul Reaver,11,THE DROWNED ABBEY,184,,,action,,,,10,7c987f9b822a
Soul Reaver,11,THE DROWNED ABBEY,185,Rahab,Rahab,speech,dialogue,model,0.0205,3,e2a5837fc847
Soul Reaver,11,THE DROWNED ABBEY,186,,,action,,,,14,035e0d712943
Soul Reaver,11,THE DROWNED ABBEY,187,Elder God,Elder God,speech,dialogue,model,0.1052,32,a261b0d99216
Soul Reaver,11,THE DROWNED ABBEY,188,,,action,,,,7,e571410e629b
Soul Reaver,11,THE DROWNED ABBEY,189,Elder God,Elder God,speech,dialogue,model,0.1513,36,2207b81faf7d
Soul Reaver,12,Dumah,190,,,action,,,,13,a396335dce6c
Soul Reaver,12,Dumah,191,Raziel,Raziel,speech,narration,model,0.8827,33,543da8d33eb3
Soul Reaver,12,Dumah,192,Elder God,Elder God,speech,dialogue,constraint,0.9718,68,e6e584943469
Soul Reaver,12,Dumah,193,,,action,,,,12,eb6a013d1152
Soul Reaver,12,Dumah,194,Raziel,Raziel,speech,narration,model,0.7535,24,0683fd5866b3
Soul Reaver,12,Dumah,195,,,action,,,,12,a58566fd90cd
Soul Reaver,12,Dumah,196,Dumah,Dumah,speech,dialogue,model,0.0050,7,2d8faf7c66d1
Soul Reaver,12,Dumah,197,Raziel,Raziel,speech,dialogue,model,0.0235,16,2aa5c1c10e37
Soul Reaver,12,Dumah,198,Dumah,Dumah,speech,dialogue,constraint,,14,780761b2d7b9
Soul Reaver,12,Dumah,199,Raziel,Raziel,speech,dialogue,model,0.1429,6,264975d882d5
Soul Reaver,12,Dumah,200,Dumah,Dumah,speech,dialogue,model,0.0028,6,48c6e2aa4b63
Soul Reaver,12,Dumah,201,Raziel,Raziel,speech,dialogue,model,0.0344,20,7150dbfe00bd
Soul Reaver,12,Dumah,202,,,action,,,,6,130f10209e31
Soul Reaver,12,Dumah,203,Dumah,Dumah,speech,dialogue,model,0.0011,1,74c8e1038548
Soul Reaver,12,Dumah,204,,,action,,,,5,92640cd1cedb
Soul Reaver,12,Dumah,205,Elder God,Elder God,speech,dialogue,model,0.1791,40,66a8b5c674c7
Soul Reaver,13,THE ORACLE'S CAVE,206,,,action,,,,14,aecc9db9ad23
Soul Reaver,13,THE ORACLE'S CAVE,207,Raziel,Raziel,speech,narration,model,0.9889,108,757f9efc6d60
Soul Reaver,13,THE ORACLE'S CAVE,208,,,action,,,,13,a507bb2baee3
Soul Reaver,13,THE ORACLE'S CAVE,209,Raziel,Raziel,speech,narration,model,0.9256,38,ce51e76c34c7
Soul Reaver,13,THE ORACLE'S CAVE,210,,,action,,,,14,a49ec2d20efe
Soul Reaver,13,THE ORACLE'S CAVE,211,,,action,,,,12,6ba06fa60957
Soul Reaver,13,THE ORACLE'S CAVE,212,Raziel,Raziel,speech,dialogue,model,0.2718,10,c92920afd340
Soul Reaver,13,THE ORACLE'S CAVE,213,Elder God,Elder God,speech,dialogue,constraint,,14,e15b9054b5ea
Soul Reaver,13,THE ORACLE'S CAVE,214,,,action,,,,15,949e5464176d
Soul Reaver,13,THE ORACLE'S CAVE,215,Raziel,Raziel,speech,dialogue,model,0.2371,9,f33369c8b3ca
Soul Reaver,13,THE ORACLE'S CAVE,216,,,action,,,,11,b8113b1f4bfc
Soul Reaver,13,THE ORACLE'S CAVE,217,Raziel,Raziel,speech,dialogue,model,0.2220,8,8c726a984a05
Soul Reaver,13,THE ORACLE'S CAVE,218,,,action,,,,14,0145081e6e4c
Soul Reaver,13,THE ORACLE'S CAVE,219,Raziel,Raziel,speech,narration,manual,,19,775bace377ee
Soul Reaver,13,THE ORACLE'S CAVE,220,,,action,,,,14,7388e566b91b
Soul Reaver,13,THE ORACLE'S CAVE,221,Raziel,Raziel,speech,narration,manual,,18,02a471d19ca5
Soul Reaver,13,THE ORACLE'S CAVE,222,,,action,,,,13,643893e34712
Soul Reaver,13,THE ORACLE'S CAVE,223,Raziel,Raziel,speech,narration,manual,,14,97a1fcd0a13b
Soul Reaver,14,KAIN,224,,,action,,,,15,cadcfc781740
Soul Reaver,14,KAIN,225,Kain,Kain,speech,dialogue,model,0.0813,27,5df0a01b7332
Soul Reaver,14,KAIN,226,Raziel,Raziel,speech,dialogue,model,0.0178,11,b144fcabc668
Soul Reaver,14,KAIN,227,Kain,Kain,speech,dialogue,model,0.0291,15,7650b2eb5fdc
Soul Reaver,14,KAIN,228,Raziel,Raziel,speech,dialogue,model,0.0056,8,416d433b0df4
Soul Reaver,14,KAIN,229,,,action,,,,11,3ab5b94cb310
Soul Reaver,14,KAIN,230,Kain,Kain,speech,dialogue,constraint,,120,31435aa4ff23
Soul Reaver,14,KAIN,231,Raziel,Raziel,speech,dialogue,model,0.0376,18,204fd77de313
Soul Reaver,14,KAIN,232,Kain,Kain,speech,dialogue,model,0.2585,56,36fbfa1ced25
Soul Reaver,14,KAIN,233,Raziel,Raziel,speech,dialogue,model,0.0533,24,797b85d99cdf
Soul Reaver,14,KAIN,234,Kain,Kain,speech,dialogue,model,0.2447,57,320b429f1337
Soul Reaver,14,KAIN,235,Raziel,Raziel,speech,dialogue,model,0.1483,38,0eaed762b651
Soul Reaver,14,KAIN,236,Kain,Kain,speech,dialogue,model,0.1018,29,c36471ff9d65
Soul Reaver,14,KAIN,237,Raziel,Raziel,speech,dialogue,model,0.0312,19,e2940fed1101
Soul Reaver,14,KAIN,238,Kain,Kain,speech,dialogue,model,0.0140,14,13b71b4a0a33
Soul Reaver,14,KAIN,239,,,action,,,,14,a48b9b859833
Soul Reaver,14,KAIN,240,Kain,Kain,speech,dialogue,model,0.0601,23,dba3d259442c
Soul Reaver,14,KAIN,241,,,action,,,,14,e21a68f863d9
Soul Reaver,14,KAIN,242,Elder God,Elder God,speech,dialogue,model,0.0193,13,bd52f3d63e13
Soul Reaver,14,KAIN,243,,,action,,,,13,3d41f64b046f
Soul Reaver,14,KAIN,244,Moebius,Moebius,speech,dialogue,model,0.0282,14,aaf6f3318676
Soul Reaver,14,KAIN,245,,,action,,,,3,402415b5d252
Soul Reaver 2,1,Prologue,1,,,action,,,,11,a2b3ab28b059
Soul Reaver 2,1,Prologue,2,Kain,Kain,speech,dialogue,model,0.0890,28,c2f095134f38
Soul Reaver 2,1,Prologue,3,,,action,,,,11,f7cee710e9ce
Soul Reaver 2,1,Prologue,4,Raziel,Raziel,speech,dialogue,none,,11,a3622ee7f180
Soul Reaver 2,1,Prologue,5,,,action,,,,13,6536b43e30e0
Soul Reaver 2,1,Prologue,6,Kain,Kain,speech,dialogue,constraint,0.7365,22,690a47f74871
Soul Reaver 2,1,Prologue,7,,,action,,,,9,890440ed482c
Soul Reaver 2,1,Prologue,8,Kain,Kain,speech,dialogue,constraint,,73,ff05fbd83e9a
Soul Reaver 2,1,Prologue,9,,,action,,,,11,b7377e8d401f
Soul Reaver 2,1,Prologue,10,Kain,Kain,speech,dialogue,constraint,0.7414,26,455f16c2cda6
Soul Reaver 2,1,Prologue,11,,,action,,,,11,521044f8b412
Soul Reaver 2,1,Prologue,12,Raziel,Raziel,speech,dialogue,none,,19,b885b48804f3
Soul Reaver 2,1,Prologue,13,,,action,,,,12,3517735c8d5d
Soul Reaver 2,1,Prologue,14,Kain,Kain,speech,dialogue,constraint,,17,1eb6284abff4
Soul Reaver 2,1,Prologue,15,,,action,,,,13,bb88e3229044
Soul Reaver 2,1,Prologue,16,Kain,Kain,speech,dialogue,constraint,,16,54f4b10e8bc3
Soul Reaver 2,1,Prologue,17,,,action,,,,10,7b327d95f73b
Soul Reaver 2,1,Prologue,18,Raziel,Raziel,speech,dialogue,none,,32,b63db1422d4e
Soul Reaver 2,1,Prologue,19,,,action,,,,13,c7722689dfc4
Soul Reaver 2,1,Prologue,20,Kain,Kain,speech,dialogue,model,0.0446,19,364d418e9338
Soul Reaver 2,1,Prologue,21,,,action,,,,13,5cf50026318e
Soul Reaver 2,1,Prologue,22,Kain,Kain,speech,dialogue,constraint,,10,22f943ca9407
Soul Reaver 2,1,Prologue,23,,,action,,,,12,d387dfc2b106
Soul Reaver 2,1,Prologue,24,,,action,,,,14,8560b724b3ac
Soul Reaver 2,1,Prologue,25,Kain,Kain,speech,dialogue,constraint,0.6869,20,6fcde9fe748c
Soul Reaver 2,1,Prologue,26,,,action,,,,12,8ffdd8565eb5
Soul Reaver 2,1,Prologue,27,Moebius,Moebius,speech,dialogue,model,0.0248,13,56a972498cf2
Soul Reaver 2,2,Arrival,28,,,action,,,,12,0777b838d7e1
Soul Reaver 2,2,Arrival,29,Moebius,Moebius,speech,dialogue,model,0.0173,15,2bd6938930b1
Soul Reaver 2,2,Arrival,30,,,action,,,,13,837c84f1f233
Soul Reaver 2,2,Arrival,31,Raziel,Raziel,speech,dialogue,none,,14,cc91f37013ce
Soul Reaver 2,2,Arrival,32,,,action,,,,13,a6e0da4c1a2b
Soul Reaver 2,2,Arrival,33,Moebius,Moebius,speech,dialogue,model,0.1515,40,513c1ba0d4a8
Soul Reaver 2,2,Arrival,34,Raziel,Raziel,speech,dialogue,none,,23,97ab5d41b1f5
Soul Reaver 2,2,Arrival,35,,,action,,,,13,296287e0cc4b
Soul Reaver 2,2,Arrival,36,,,action,,,,9,2b940e39cb77
Soul Reaver 2,2,Arrival,37,Raziel,Raziel,speech,dialogue,none,,7,cd455b4b3e3e
Soul Reaver 2,2,Arrival,38,,,action,,,,7,f1441e728341
Soul Reaver 2,2,Arrival,39,Moebius,Moebius,speech,dialogue,model,0.0923,30,2c5d36ae1f91
Soul Reaver 2,2,Arrival,40,,,action,,,,6,3d5f37c60da8
Soul Reaver 2,2,Arrival,41,Raziel,Raziel,speech,dialogue,none,,14,f417bf24267f
Soul Reaver 2,2,Arrival,42,,,action,,,,12,483207a2a996
Soul Reaver 2,2,Arrival,43,Raziel,Raziel,speech,dialogue,none,,12,71dbb6d5b974
Soul Reaver 2,2,Arrival,44,Moebius,Moebius,speech,dialogue,model,0.1692,38,b990b9425cde
Soul Reaver 2,2,Arrival,45,Moebius,Moebius,speech,dialogue,model,0.0159,11,fd203842abc5
Soul Reaver 2,2,Arrival,46,,,action,,,,13,492ae0b33a1d
Soul Reaver 2,2,Arrival,47,Raziel,Raziel,speech,dialogue,none,,9,1fa8ff8a8e1a
Soul Reaver 2,2,Arrival,48,Moebius,Moebius,speech,dialogue,constraint,0.9156,44,101a1bce7383
Soul Reaver 2,2,Arrival,49,,,action,,,,6,0421b521cfe6
Soul Reaver 2,2,Arrival,50,Raziel,Raziel,speech,dialogue,none,,5,49c2bfcae986
Soul Reaver 2,2,Arrival,51,Moebius,Moebius,speech,dialogue,constraint,0.8824,31,4fe833ab2f93
Soul Reaver 2,2,Arrival,52,Moebius,Moebius,speech,dialogue,constraint,0.6734,13,8ea3088775ae
Soul Reaver 2,2,Arrival,53,Moebius,Moebius,speech,dialogue,model,0.2643,57,5e6f173f5e60
Soul Reaver 2,2,Arrival,54,Raziel,Raziel,speech,dialogue,none,,27,bf9048311a07
Soul Reaver 2,2,Arrival,55,Moebius,Moebius,speech,dialogue,model,0.0062,8,1566d5dae9a4
Soul Reaver 2,2,Arrival,56,,,action,,,,13,25ac523f47ff
Soul Reaver 2,2,Arrival,57,Moebius,Moebius,speech,dialogue,model,0.0618,24,15263225a70e
Soul Reaver 2,2,Arrival,58,,,action,,,,14,4326dc7faeef
Soul Reaver 2,2,Arrival,59,Moebius,Moebius,speech,dialogue,model,0.0537,21,4e52bb428692
Soul Reaver 2,2,Arrival,60,Moebius,Moebius,speech,dialogue,constraint,,75,5be495bacd11
Soul Reaver 2,2,Arrival,61,,,action,,,,10,f2990e41c608
Soul Reaver 2,2,Arrival,62,Moebius,Moebius,speech,dialogue,constraint,,93,7bdd0d63e6fc
Soul Reaver 2,2,Arrival,63,,,action,,,,8,457309acf2d8
Soul Reaver 2,3,The Sarafan Stronghold,64,,,action,,,,11,985511cf8035
Soul Reaver 2,3,The Sarafan Stronghold,65,Raziel,Raziel,speech,narration,explicit_vo,,34,870fc6b36b3c
Soul Reaver 2,3,The Sarafan Stronghold,66,,,action,,,,9,132add4bd59c
Soul Reaver 2,3,The Sarafan Stronghold,67,Raziel,Raziel,speech,narration,explicit_vo,,35,cb2297b0b924
Soul Reaver 2,3,The Sarafan Stronghold,68,,,action,,,,10,b6cfe77d64b6
Soul Reaver 2,3,The Sarafan Stronghold,69,Raziel,Raziel,speech,narration,explicit_vo,,78,2cbad7813c51
Soul Reaver 2,4,The Reaver Convergence,70,,,action,,,,14,0c5fdde472a4
Soul Reaver 2,4,The Reaver Convergence,71,Raziel,Raziel,speech,narration,explicit_vo,,55,606ae424bd2f
Soul Reaver 2,4,The Reaver Convergence,72,,,action,,,,11,00297ef8baeb
Soul Reaver 2,4,The Reaver Convergence,73,Raziel,Raziel,speech,narration,explicit_vo,,58,15e772253b60
Soul Reaver 2,4,The Reaver Convergence,74,,,action,,,,12,b7e62f879443
Soul Reaver 2,4,The Reaver Convergence,75,Raziel,Raziel,speech,narration,explicit_vo,,55,42eed48d6276
Soul Reaver 2,4,The Reaver Convergence,76,,,action,,,,7,97b682323bc5
Soul Reaver 2,4,The Reaver Convergence,77,Raziel,Raziel,speech,narration,explicit_vo,,19,d01ea614bd61
Soul Reaver 2,4,The Reaver Convergence,78,,,action,,,,11,b942361321fd
Soul Reaver 2,4,The Reaver Convergence,79,Raziel,Raziel,speech,narration,explicit_vo,,31,8e469e3bbae8
Soul Reaver 2,4,The Reaver Convergence,80,,,action,,,,13,d7a0b156b2fb
Soul Reaver 2,4,The Reaver Convergence,81,Raziel,Raziel,speech,narration,explicit_vo,,62,45fd84416fd3
Soul Reaver 2,4,The Reaver Convergence,82,,,action,,,,11,eb0d34e99d55
Soul Reaver 2,4,The Reaver Convergence,83,Raziel,Raziel,speech,narration,explicit_vo,,57,c44d53b3e593
Soul Reaver 2,4,The Reaver Convergence,84,,,action,,,,12,1f7dc5a5c22c
Soul Reaver 2,4,The Reaver Convergence,85,Raziel,Raziel,speech,dialogue,none,,11,8589bdfddb31
Soul Reaver 2,4,The Reaver Convergence,86,,,action,,,,6,581b71d52874
Soul Reaver 2,4,The Reaver Convergence,87,Raziel,Raziel,speech,dialogue,none,,40,3718886772f7
Soul Reaver 2,4,The Reaver Convergence,88,Moebius,Moebius,speech,dialogue,model,0.0709,25,86bd8b13fb51
Soul Reaver 2,4,The Reaver Convergence,89,Raziel,Raziel,speech,dialogue,none,,22,db547d5b95fb
Soul Reaver 2,4,The Reaver Convergence,90,,,action,,,,11,cf064af960fb
Soul Reaver 2,4,The Reaver Convergence,91,Moebius,Moebius,speech,dialogue,model,0.2417,7,17df9b45dfd7
Soul Reaver 2,4,The Reaver Convergence,92,,,action,,,,6,20e819b2d07f
Soul Reaver 2,4,The Reaver Convergence,93,Raziel,Raziel,speech,dialogue,none,,4,f7d677550132
Soul Reaver 2,4,The Reaver Convergence,94,Moebius,Moebius,speech,dialogue,constraint,0.7766,24,d31b22cac43f
Soul Reaver 2,4,The Reaver Convergence,95,,,action,,,,13,96ccda626070
Soul Reaver 2,4,The Reaver Convergence,96,Moebius,Moebius,speech,dialogue,model,0.0429,20,2c527338b50e
Soul Reaver 2,4,The Reaver Convergence,97,,,action,,,,11,e8a34aae4bb5
Soul Reaver 2,4,The Reaver Convergence,98,Raziel,Raziel,speech,dialogue,none,,24,8489cc431c92
Soul Reaver 2,4,The Reaver Convergence,99,Moebius,Moebius,speech,dialogue,model,0.3053,53,1f9c800c1a54
Soul Reaver 2,4,The Reaver Convergence,100,Raziel,Raziel,speech,dialogue,none,,6,8a73eb3041a4
Soul Reaver 2,4,The Reaver Convergence,101,,,action,,,,13,5676c769ed1d
Soul Reaver 2,4,The Reaver Convergence,102,Moebius,Moebius,speech,dialogue,model,0.0734,26,ab625b6bc63a
Soul Reaver 2,4,The Reaver Convergence,103,,,action,,,,11,6d2c318309cf
Soul Reaver 2,4,The Reaver Convergence,104,Raziel,Raziel,speech,narration,explicit_vo,,47,9546a52a2bde
Soul Reaver 2,5,The Heart of Darkness,105,,,action,,,,11,ae80705d1db0
Soul Reaver 2,5,The Heart of Darkness,106,Raziel,Raziel,speech,narration,explicit_vo,,136,5089a06635a9
Soul Reaver 2,6,Departure from the Stronghold,107,,,action,,,,12,1ba6d64bbe3d
Soul Reaver 2,6,Departure from the Stronghold,108,Raziel,Raziel,speech,dialogue,none,,42,f6d52211fde5
Soul Reaver 2,6,Departure from the Stronghold,109,,,action,,,,10,19957f3edc5f
Soul Reaver 2,6,Departure from the Stronghold,110,Raziel,Raziel,speech,dialogue,none,,72,3757300c6019
Soul Reaver 2,6,Departure from the Stronghold,111,,,action,,,,13,149277bc0923
Soul Reaver 2,6,Departure from the Stronghold,112,Raziel,Raziel,speech,narration,explicit_vo,,103,cc728911cdc3
Soul Reaver 2,7,Road to the Pillars,113,,,action,,,,6,37b469a4733b
Soul Reaver 2,7,Road to the Pillars,114,Raziel,Raziel,speech,narration,explicit_vo,,58,2481b8d22520
Soul Reaver 2,7,Road to the Pillars,115,,,action,,,,8,2703947c7514
Soul Reaver 2,7,Road to the Pillars,116,Raziel,Raziel,speech,narration,explicit_vo,,19,ae9e71166eb1
Soul Reaver 2,7,Road to the Pillars,117,,,action,,,,6,4b86a8be1847
Soul Reaver 2,7,Road to the Pillars,118,Raziel,Raziel,speech,narration,explicit_vo,,44,3df6a59fe240
Soul Reaver 2,7,Road to the Pillars,119,,,action,,,,16,4a06235e06f4
Soul Reaver 2,7,Road to the Pillars,120,Raziel,Raziel,speech,narration,explicit_vo,,82,74c082a1d352
Soul Reaver 2,7,Road to the Pillars,121,,,action,,,,11,0f531fe0af07
Soul Reaver 2,7,Road to the Pillars,122,Raziel,Raziel,speech,narration,explicit_vo,,76,c152cf98a7ce
Soul Reaver 2,8,The Corruption of the Pillars,123,,,action,,,,12,b5b1a6f8f6f6
Soul Reaver 2,8,The Corruption of the Pillars,124,Raziel,Raziel,speech,narration,explicit_vo,,29,a9b8a308c792
Soul Reaver 2,8,The Corruption of the Pillars,125,,,action,,,,3,f6acaa0968a4
Soul Reaver 2,8,The Corruption of the Pillars,126,Raziel,Raziel,speech,narration,explicit_vo,,19,34ac2f0428a0
Soul Reaver 2,8,The Corruption of the Pillars,127,,,action,,,,13,c14c052b0697
Soul Reaver 2,8,The Corruption of the Pillars,128,Kain,Kain,speech,dialogue,model,0.0028,6,7e3172a7e907
Soul Reaver 2,8,The Corruption of the Pillars,129,Raziel,Raziel,speech,dialogue,none,,15,ccfae1d7756b
Soul Reaver 2,8,The Corruption of the Pillars,130,,,action,,,,13,383795c130d9
Soul Reaver 2,8,The Corruption of the Pillars,131,Kain,Kain,speech,dialogue,model,0.2194,46,d8585c5a05f7
Soul Reaver 2,8,The Corruption of the Pillars,132,,,action,,,,9,7f2c2b6c52f2
Soul Reaver 2,8,The Corruption of the Pillars,133,Raziel,Raziel,speech,dialogue,none,,29,8244a74626ab
Soul Reaver 2,8,The Corruption of the Pillars,134,Kain,Kain,speech,dialogue,constraint,,12,0cd1d8cc3bd6
Soul Reaver 2,8,The Corruption of the Pillars,135,Raziel,Raziel,speech,dialogue,none,,17,d97a6091d8a9
Soul Reaver 2,8,The Corruption of the Pillars,136,,,action,,,,11,8e1ee12e9d4f
Soul Reaver 2,8,The Corruption of the Pillars,137,Kain,Kain,speech,dialogue,model,0.2726,60,405cfa823a7d
Soul Reaver 2,8,The Corruption of the Pillars,138,,,action,,,,13,915d4d3a3065
Soul Reaver 2,8,The Corruption of the Pillars,139,Kain,Kain,speech,dialogue,constraint,,10,16aa2d344163
Soul Reaver 2,8,The Corruption of the Pillars,140,Raziel,Raziel,speech,dialogue,none,,7,2c6ede72a2d7
Soul Reaver 2,8,The Corruption of the Pillars,141,Kain,Kain,speech,dialogue,model,0.0082,10,4fdb66c60d52
Soul Reaver 2,8,The Corruption of the Pillars,142,,,action,,,,11,3da381d5648f
Soul Reaver 2,8,The Corruption of the Pillars,143,Kain,Kain,speech,dialogue,constraint,,77,2f4ba1165006
Soul Reaver 2,8,The Corruption of the Pillars,144,,,action,,,,12,19033fb480f9
Soul Reaver 2,8,The Corruption of the Pillars,145,Kain,Kain,speech,dialogue,model,0.1479,5,512b57083634
Soul Reaver 2,8,The Corruption of the Pillars,146,,,action,,,,13,0321a432e081
Soul Reaver 2,8,The Corruption of the Pillars,147,Kain,Kain,speech,dialogue,constraint,,18,4e46ca0f319e
Soul Reaver 2,8,The Corruption of the Pillars,148,,,action,,,,12,56132748403d
Soul Reaver 2,8,The Corruption of the Pillars,149,Raziel,Raziel,speech,dialogue,none,,2,faa2ddc5b5c9
Soul Reaver 2,8,The Corruption of the Pillars,150,,,action,,,,10,6641f2fd144e
Soul Reaver 2,8,The Corruption of the Pillars,151,Kain,Kain,speech,dialogue,constraint,0.9806,82,bea0fd709d0f
Soul Reaver 2,8,The Corruption of the Pillars,152,Raziel,Raziel,speech,dialogue,none,,60,49c43031e3be
Soul Reaver 2,8,The Corruption of the Pillars,153,Kain,Kain,speech,dialogue,model,0.0797,27,f91bf67a2fc5
Soul Reaver 2,8,The Corruption of the Pillars,154,,,action,,,,9,7ad03524f5c1
Soul Reaver 2,8,The Corruption of the Pillars,155,Kain,Kain,speech,dialogue,constraint,0.6774,21,4ba5f205c25d
Soul Reaver 2,8,The Corruption of the Pillars,156,,,action,,,,7,25568fdc35af
Soul Reaver 2,8,The Corruption of the Pillars,157,Kain,Kain,speech,dialogue,constraint,0.9763,78,d2c05782b16c
Soul Reaver 2,8,The Corruption of the Pillars,158,Raziel,Raziel,speech,dialogue,none,,12,5f025560b77e
Soul Reaver 2,8,The Corruption of the Pillars,159,Kain,Kain,speech,dialogue,constraint,,11,d5b9d267bf59
Soul Reaver 2,8,The Corruption of the Pillars,160,Raziel,Raziel,speech,dialogue,none,,24,bce42177951c
Soul Reaver 2,8,The Corruption of the Pillars,161,Kain,Kain,speech,dialogue,model,0.2417,7,0cd436a38955
Soul Reaver 2,8,The Corruption of the Pillars,162,,,action,,,,7,cfc36ce988e8
Soul Reaver 2,8,The Corruption of the Pillars,163,Kain,Kain,speech,dialogue,model,0.0862,4,563ae17610e0
Soul Reaver 2,8,The Corruption of the Pillars,164,Raziel,Raziel,speech,dialogue,none,,14,da9eb77d2a40
Soul Reaver 2,8,The Corruption of the Pillars,165,Kain,Kain,speech,dialogue,model,0.0381,18,a2f1c61dec09
Soul Reaver 2,8,The Corruption of the Pillars,166,,,action,,,,9,216aad80483c
Soul Reaver 2,9,Beyond the Pillars,167,,,action,,,,9,d16d328a74ea
Soul Reaver 2,9,Beyond the Pillars,168,Raziel,Raziel,speech,narration,explicit_vo,,76,1eb1fa2fd762
Soul Reaver 2,9,Beyond the Pillars,169,,,action,,,,13,1934460a309f
Soul Reaver 2,9,Beyond the Pillars,170,Raziel,Raziel,speech,narration,explicit_vo,,26,a2f7ab1f3d14
Soul Reaver 2,9,Beyond the Pillars,171,,,action,,,,6,b29c77924fc9
Soul Reaver 2,9,Beyond the Pillars,172,Raziel,Raziel,speech,narration,explicit_vo,,46,060bca742e11
Soul Reaver 2,9,Beyond the Pillars,173,,,action,,,,9,c3aadb88ed2f
Soul Reaver 2,9,Beyond the Pillars,174,Raziel,Raziel,speech,narration,explicit_vo,,21,461f113afa7a
Soul Reaver 2,10,The Elder God,175,,,action,,,,9,4c3266a820d3
Soul Reaver 2,10,The Elder God,176,,,action,,,,16,85976b06d7bf
Soul Reaver 2,10,The Elder God,177,Elder God,Elder God,speech,dialogue,model,0.0386,2,80778d5dca70
Soul Reaver 2,10,The Elder God,178,,,action,,,,12,5ee5b7b901db
Soul Reaver 2,10,The Elder God,179,Elder God,Elder God,speech,dialogue,model,0.1175,4,7a4a469dfee5
Soul Reaver 2,10,The Elder God,180,Raziel,Raziel,speech,dialogue,none,,33,c6ad393115a5
Soul Reaver 2,10,The Elder God,181,Elder God,Elder God,speech,dialogue,constraint,0.8198,31,6021beace058
Soul Reaver 2,10,The Elder God,182,Raziel,Raziel,speech,dialogue,none,,32,c47918e7a8dc
Soul Reaver 2,10,The Elder God,183,Elder God,Elder God,speech,dialogue,model,0.0449,23,b7ce88862fed
Soul Reaver 2,10,The Elder God,184,Raziel,Raziel,speech,dialogue,none,,29,f2c6582f6bed
Soul Reaver 2,10,The Elder God,185,Elder God,Elder God,speech,dialogue,model,0.0772,24,9ccaf3dd3b50
Soul Reaver 2,10,The Elder God,186,,,action,,,,4,184724e574ce
Soul Reaver 2,10,The Elder God,187,Raziel,Raziel,speech,dialogue,none,,14,e12ff0d093e1
Soul Reaver 2,10,The Elder God,188,Raziel,Raziel,speech,dialogue,none,,18,2189a65862b6
Soul Reaver 2,10,The Elder God,189,Elder God,Elder God,speech,dialogue,model,0.1632,45,42b7266fef80
Soul Reaver 2,10,The Elder God,190,Raziel,Raziel,speech,dialogue,none,,25,fa5d42fc20c8
Soul Reaver 2,10,The Elder God,191,Elder God,Elder God,speech,dialogue,constraint,,107,887ff671cc8b
Soul Reaver 2,10,The Elder God,192,Raziel,Raziel,speech,dialogue,none,,27,ec3c80943bf9
Soul Reaver 2,10,The Elder God,193,Elder God,Elder God,speech,dialogue,model,0.2573,47,753f9d689358
Soul Reaver 2,10,The Elder God,194,,,action,,,,10,f939bb5d8e9b
Soul Reaver 2,11,Termagant Swamp,195,Raziel,Raziel,speech,narration,explicit_vo,,17,642bda372b87
Soul Reaver 2,11,Termagant Swamp,196,,,action,,,,8,16c0a931f8d0
Soul Reaver 2,11,Termagant Swamp,197,Raziel,Raziel,speech,narration,explicit_vo,,41,6528ccce92b1
Soul Reaver 2,11,Termagant Swamp,198,,,action,,,,15,59173de633b5
Soul Reaver 2,11,Termagant Swamp,199,Raziel,Raziel,speech,narration,explicit_vo,,81,e723202bcce7
Soul Reaver 2,11,Termagant Swamp,200,,,action,,,,10,93faee031c7e
Soul Reaver 2,11,Termagant Swamp,201,Raziel,Raziel,speech,narration,explicit_vo,,35,1e69afbb8bb7
Soul Reaver 2,11,Termagant Swamp,202,,,action,,,,11,9212390adcfd
Soul Reaver 2,11,Termagant Swamp,203,Raziel,Raziel,speech,narration,explicit_vo,,43,40788a4ddce2
Soul Reaver 2,12,The Dark Forge,204,,,action,,,,14,b0a1ce0ca909
Soul Reaver 2,12,The Dark Forge,205,Raziel,Raziel,speech,narration,explicit_vo,,64,032e61aaea34
Soul Reaver 2,12,The Dark Forge,206,,,action,,,,11,ea72e8989a88
Soul Reaver 2,12,The Dark Forge,207,Raziel,Raziel,speech,narration,explicit_vo,,42,24f73e9f8f76
Soul Reaver 2,12,The Dark Forge,208,,,action,,,,13,220efc87d79e
Soul Reaver 2,12,The Dark Forge,209,Raziel,Raziel,speech,narration,explicit_vo,,50,5fd8c35dc2d3
Soul Reaver 2,12,The Dark Forge,210,,,action,,,,12,eedd1274898c
Soul Reaver 2,12,The Dark Forge,211,Raziel,Raziel,speech,narration,explicit_vo,,66,ab96345a452e
Soul Reaver 2,12,The Dark Forge,212,,,action,,,,15,69e03c900d56
Soul Reaver 2,12,The Dark Forge,213,Raziel,Raziel,speech,narration,explicit_vo,,48,16986f465e7a
Soul Reaver 2,12,The Dark Forge,214,,,action,,,,9,0dd3c66b7139
Soul Reaver 2,13,The Vampire Vorador,215,,,action,,,,15,3e1181af473a
Soul Reaver 2,13,The Vampire Vorador,216,Vorador,Vorador,speech,dialogue,model,0.0091,7,955b67ce7edc
Soul Reaver 2,13,The Vampire Vorador,217,Raziel,Raziel,speech,dialogue,none,,1,dbacb2e934c1
Soul Reaver 2,13,The Vampire Vorador,218,Vorador,Vorador,speech,dialogue,model,0.1331,6,77b5928ec16b
Soul Reaver 2,13,The Vampire Vorador,219,,,action,,,,13,504c0a9c91c2
Soul Reaver 2,13,The Vampire Vorador,220,Vorador,Vorador,speech,dialogue,model,0.1517,38,74a0a154e041
Soul Reaver 2,13,The Vampire Vorador,221,Vorador,Vorador,speech,dialogue,constraint,,79,b4abd88733e4
Soul Reaver 2,13,The Vampire Vorador,222,Raziel,Raziel,speech,dialogue,none,,1,6408fac84dc5
Soul Reaver 2,13,The Vampire Vorador,223,,,action,,,,6,577a1c586dd0
Soul Reaver 2,13,The Vampire Vorador,224,Vorador,Vorador,speech,dialogue,model,0.0037,8,1e6aa0c08134
Soul Reaver 2,13,The Vampire Vorador,225,Raziel,Raziel,speech,dialogue,none,,12,322bd65a4e7c
Soul Reaver 2,13,The Vampire Vorador,226,,,action,,,,8,47078cfba770
Soul Reaver 2,13,The Vampire Vorador,227,Vorador,Vorador,speech,dialogue,constraint,,15,a189dbf65ddf
Soul Reaver 2,13,The Vampire Vorador,228,Raziel,Raziel,speech,dialogue,none,,9,ae2e9ad593b7
Soul Reaver 2,13,The Vampire Vorador,229,Vorador,Vorador,speech,dialogue,constraint,0.9392,47,fa55229e6acd
Soul Reaver 2,13,The Vampire Vorador,230,,,action,,,,4,55a81b7796ea
Soul Reaver 2,13,The Vampire Vorador,231,Vorador,Vorador,speech,dialogue,constraint,,13,f82a20641b22
Soul Reaver 2,13,The Vampire Vorador,232,,,action,,,,7,47fbcb60cae8
Soul Reaver 2,13,The Vampire Vorador,233,Raziel,Raziel,speech,dialogue,none,,22,1f91a7a32242
Soul Reaver 2,13,The Vampire Vorador,234,,,action,,,,8,e03d38b3c15d
Soul Reaver 2,13,The Vampire Vorador,235,Vorador,Vorador,speech,dialogue,constraint,0.9410,43,5964da84abfd
Soul Reaver 2,13,The Vampire Vorador,236,,,action,,,,14,58de868fd5d2
Soul Reaver 2,13,The Vampire Vorador,237,Vorador,Vorador,speech,dialogue,constraint,,101,615b6bde2d9a
Soul Reaver 2,13,The Vampire Vorador,238,,,action,,,,11,baedd1b89454
Soul Reaver 2,13,The Vampire Vorador,239,Raziel,Raziel,speech,narration,explicit_vo,,77,14140a5cca27
Soul Reaver 2,14,The Elder's Warning,240,,,action,,,,12,779ad85de14f
Soul Reaver 2,14,The Elder's Warning,241,Elder God,Elder God,speech,dialogue,model,0.1267,5,c8ca4634452f
Soul Reaver 2,14,The Elder's Warning,242,Raziel,Raziel,speech,dialogue,none,,27,c7c826210017
Soul Reaver 2,14,The Elder's Warning,243,Elder God,Elder God,speech,dialogue,model,0.1941,43,14ed580f96e3
Soul Reaver 2,14,The Elder's Warning,244,Raziel,Raziel,speech,dialogue,none,,16,3aa7b1eab5eb
Soul Reaver 2,14,The Elder's Warning,245,Elder God,Elder God,speech,dialogue,model,0.0357,21,5eab8abf25fc
Soul Reaver 2,14,The Elder's Warning,246,Raziel,Raziel,speech,dialogue,none,,10,af177fded4f1
Soul Reaver 2,15,The Light Forge,247,,,action,,,,14,88b6b6da0bdf
Soul Reaver 2,15,The Light Forge,248,Raziel,Raziel,speech,narration,explicit_vo,,34,a4e679b0f41c
Soul Reaver 2,15,The Light Forge,249,,,action,,,,12,3af89fbc4690
Soul Reaver 2,15,The Light Forge,250,Raziel,Raziel,speech,narration,explicit_vo,,40,b5d129aa8028
Soul Reaver 2,15,The Light Forge,251,,,action,,,,11,bc27a5a7bb11
Soul Reaver 2,16,History and Destiny Collide,252,,,action,,,,13,b444835f4157
Soul Reaver 2,16,History and Destiny Collide,253,Raziel,Raziel,speech,dialogue,none,,3,6fd99b98eac8
Soul Reaver 2,16,History and Destiny Collide,254,,,action,,,,9,e12416ad57ed
Soul Reaver 2,16,History and Destiny Collide,255,Kain,Kain,speech,dialogue,model,0.0386,2,bbb48d376ad0
Soul Reaver 2,16,History and Destiny Collide,256,,,action,,,,14,39ae14dfb75a
Soul Reaver 2,16,History and Destiny Collide,257,Kain,Kain,speech,dialogue,model,0.1286,35,7f57efa67eca
Soul Reaver 2,16,History and Destiny Collide,258,,,action,,,,13,faa0905c933b
Soul Reaver 2,16,History and Destiny Collide,259,Raziel,Raziel,speech,dialogue,none,,49,3d8545e995bf
Soul Reaver 2,16,History and Destiny Collide,260,,,action,,,,13,98d8a5b336df
Soul Reaver 2,16,History and Destiny Collide,261,Kain,Kain,speech,dialogue,model,0.2729,6,2a1a2e29e999
Soul Reaver 2,16,History and Destiny Collide,262,,,action,,,,5,ca33c1981083
Soul Reaver 2,16,History and Destiny Collide,263,Raziel,Raziel,speech,dialogue,none,,5,d95e12877a67
Soul Reaver 2,16,History and Destiny Collide,264,Kain,Kain,speech,dialogue,constraint,,88,33c5a8ddec06
Soul Reaver 2,16,History and Destiny Collide,265,,,action,,,,11,3121ee44c9c7
Soul Reaver 2,16,History and Destiny Collide,266,Kain,Kain,speech,dialogue,model,0.3360,5,716da5603616
Soul Reaver 2,16,History and Destiny Collide,267,,,action,,,,13,a4091ee32b33
Soul Reaver 2,16,History and Destiny Collide,268,Kain,Kain,speech,dialogue,constraint,0.7189,20,a4c37186cc7b
Soul Reaver 2,16,History and Destiny Collide,269,,,action,,,,10,80cd4b435719
Soul Reaver 2,16,History and Destiny Collide,270,Kain,Kain,speech,dialogue,constraint,0.9443,54,c8b405ae5c8b
Soul Reaver 2,16,History and Destiny Collide,271,,,action,,,,7,b46a96ab04b6
Soul Reaver 2,16,History and Destiny Collide,272,Raziel,Raziel,speech,dialogue,none,,6,b862ee54e8ef
Soul Reaver 2,16,History and Destiny Collide,273,,,action,,,,11,01d942e60f59
Soul Reaver 2,16,History and Destiny Collide,274,Kain,Kain,speech,dialogue,constraint,0.9394,48,7a9ba4ce7062
Soul Reaver 2,16,History and Destiny Collide,275,,,action,,,,11,6475f8d9d317
Soul Reaver 2,16,History and Destiny Collide,276,Kain,Kain,speech,dialogue,model,0.2817,11,e07b16c5c2a1
Soul Reaver 2,16,History and Destiny Collide,277,,,action,,,,12,627c50510a5d
Soul Reaver 2,16,History and Destiny Collide,278,Kain,Kain,speech,dialogue,constraint,0.9535,54,190eb8c666bc
Soul Reaver 2,16,History and Destiny Collide,279,,,action,,,,12,0fa51918006a
Soul Reaver 2,16,History and Destiny Collide,280,Raziel,Raziel,speech,dialogue,none,,4,01c5c4053c4a
Soul Reaver 2,16,History and Destiny Collide,281,Kain,Kain,speech,dialogue,model,0.0300,18,d929b2c5487e
Soul Reaver 2,16,History and Destiny Collide,282,,,action,,,,13,400592ccfa83
Soul Reaver 2,16,History and Destiny Collide,283,Raziel,Raziel,speech,dialogue,none,,7,43554d4dcc49
Soul Reaver 2,16,History and Destiny Collide,284,,,action,,,,13,0861a665250b
Soul Reaver 2,16,History and Destiny Collide,285,Raziel,Raziel,speech,dialogue,none,,17,6f9abe2d0a07
Soul Reaver 2,16,History and Destiny Collide,286,,,action,,,,8,10b741ace36a
Soul Reaver 2,16,History and Destiny Collide,287,Kain,Kain,speech,dialogue,model,0.0022,5,7eb11577d3fb
Soul Reaver 2,16,History and Destiny Collide,288,,,action,,,,13,04e7a07cf249
Soul Reaver 2,16,History and Destiny Collide,289,Raziel,Raziel,speech,dialogue,none,,2,f8d7466bcdc7
Soul Reaver 2,16,History and Destiny Collide,290,,,action,,,,11,c177fd017697
Soul Reaver 2,16,History and Destiny Collide,291,Kain,Kain,speech,dialogue,model,0.0553,26,b5b19d56fe56
Soul Reaver 2,16,History and Destiny Collide,292,,,action,,,,12,84dfb0f308f6
Soul Reaver 2,16,History and Destiny Collide,293,Kain,Kain,speech,dialogue,constraint,,69,12feb3fb35c8
Soul Reaver 2,16,History and Destiny Collide,294,,,action,,,,5,d08b9696d3ff
Soul Reaver 2,16,History and Destiny Collide,295,Raziel,Raziel,speech,dialogue,none,,3,c4abeeb8c999
Soul Reaver 2,16,History and Destiny Collide,296,Kain,Kain,speech,dialogue,constraint,,18,4230990a4f6a
Soul Reaver 2,16,History and Destiny Collide,297,,,action,,,,12,5dfdc9d60d15
Soul Reaver 2,16,History and Destiny Collide,298,Raziel,Raziel,speech,dialogue,none,,2,721c1c26b003
Soul Reaver 2,16,History and Destiny Collide,299,Kain,Kain,speech,dialogue,model,0.0361,21,c1e112091aa8
Soul Reaver 2,16,History and Destiny Collide,300,,,action,,,,13,e5939aa1a75c
Soul Reaver 2,16,History and Destiny Collide,301,Kain,Kain,speech,dialogue,model,0.0686,3,72aca44417f5
Soul Reaver 2,16,History and Destiny Collide,302,,,action,,,,12,541a5d1c7df2
Soul Reaver 2,16,History and Destiny Collide,303,Raziel,Raziel,speech,dialogue,none,,3,dd8082be77e9
Soul Reaver 2,16,History and Destiny Collide,304,Kain,Kain,speech,dialogue,model,0.1246,34,02074c0df146
Soul Reaver 2,16,History and Destiny Collide,305,,,action,,,,8,35cc9d4d7555
Soul Reaver 2,16,History and Destiny Collide,306,Kain,Kain,speech,dialogue,constraint,0.8749,35,6fa3df1248cb
Soul Reaver 2,16,History and Destiny Collide,307,,,action,,,,3,26492d68ad97
Soul Reaver 2,16,History and Destiny Collide,308,Raziel,Raziel,speech,dialogue,none,,58,fd37b352b85e
Soul Reaver 2,16,History and Destiny Collide,309,,,action,,,,12,a344e16d0945
Soul Reaver 2,16,History and Destiny Collide,310,Kain,Kain,speech,dialogue,model,0.0337,19,0c1566978a60
Soul Reaver 2,16,History and Destiny Collide,311,,,action,,,,7,63eab6744f46
Soul Reaver 2,16,History and Destiny Collide,312,Raziel,Raziel,speech,dialogue,none,,14,b388543e0ec2
Soul Reaver 2,16,History and Destiny Collide,313,Kain,Kain,speech,dialogue,model,0.1148,31,af39f9c7b620
Soul Reaver 2,16,History and Destiny Collide,314,,,action,,,,6,5e564be1fe98
Soul Reaver 2,16,History and Destiny Collide,315,Kain,Kain,speech,dialogue,model,0.0418,22,8eb6ee894274
Soul Reaver 2,16,History and Destiny Collide,316,,,action,,,,10,175c6bae80a2
Soul Reaver 2,17,Time Streaming,317,,,action,,,,10,16c28531eb48
Soul Reaver 2,17,Time Streaming,318,Raziel,Raziel,speech,dialogue,none,,58,0a2f8d810f46
Soul Reaver 2,17,Time Streaming,319,,,action,,,,11,38128ec10062
Soul Reaver 2,17,Time Streaming,320,Moebius,Moebius,speech,dialogue,model,0.0381,18,a9d5772b6c32
Soul Reaver 2,17,Time Streaming,321,Raziel,Raziel,speech,dialogue,none,,8,fb1f0d7a0640
Soul Reaver 2,17,Time Streaming,322,Moebius,Moebius,speech,dialogue,model,0.0422,16,576239996c4a
Soul Reaver 2,17,Time Streaming,323,Raziel,Raziel,speech,dialogue,none,,132,6e72532bf554
Soul Reaver 2,17,Time Streaming,324,Moebius,Moebius,speech,dialogue,model,0.0084,9,cd195d4c9ea9
Soul Reaver 2,17,Time Streaming,325,Raziel,Raziel,speech,dialogue,none,,23,da250f25534d
Soul Reaver 2,17,Time Streaming,326,,,action,,,,3,47913ac794c4
Soul Reaver 2,17,Time Streaming,327,Moebius,Moebius,speech,dialogue,model,0.0202,15,a36e959a4da1
Soul Reaver 2,17,Time Streaming,328,,,action,,,,4,916fde407198
Soul Reaver 2,17,Time Streaming,329,Moebius,Moebius,speech,dialogue,model,0.0294,17,bc5e593558d5
Soul Reaver 2,17,Time Streaming,330,,,action,,,,3,dc8c77412319
Soul Reaver 2,17,Time Streaming,331,Raziel,Raziel,speech,dialogue,none,,46,51cf8d7142b4
Soul Reaver 2,17,Time Streaming,332,,,action,,,,10,061c74824960
Soul Reaver 2,17,Time Streaming,333,Moebius,Moebius,speech,dialogue,model,0.0009,4,99d1c5c12094
Soul Reaver 2,17,Time Streaming,334,Raziel,Raziel,speech,dialogue,none,,14,6cfc315d168b
Soul Reaver 2,17,Time Streaming,335,,,action,,,,12,20e341e2eab9
Soul Reaver 2,17,Time Streaming,336,Raziel,Raziel,speech,dialogue,none,,35,9ba82dd52700
Soul Reaver 2,17,Time Streaming,337,,,action,,,,12,d086737bd0b4
Soul Reaver 2,17,Time Streaming,338,Moebius,Moebius,speech,dialogue,model,0.0077,9,2ffb28a76b4c
Soul Reaver 2,17,Time Streaming,339,Raziel,Raziel,speech,dialogue,none,,8,c1282bda0f90
Soul Reaver 2,17,Time Streaming,340,Moebius,Moebius,speech,dialogue,model,0.0589,23,f7105779233f
Soul Reaver 2,17,Time Streaming,341,,,action,,,,11,532b7df2d115
Soul Reaver 2,17,Time Streaming,342,Raziel,Raziel,speech,dialogue,none,,13,736e62c4a3e4
Soul Reaver 2,17,Time Streaming,343,,,action,,,,14,1397a9d8aa37
Soul Reaver 2,18,The Bleak Future,344,,,action,,,,14,ad53e31f5771
Soul Reaver 2,18,The Bleak Future,345,Raziel,Raziel,speech,narration,explicit_vo,,20,5baef9be1016
Soul Reaver 2,18,The Bleak Future,346,,,action,,,,12,173038156885
Soul Reaver 2,18,The Bleak Future,347,Raziel,Raziel,speech,narration,explicit_vo,,187,a1d962da1f34
Soul Reaver 2,18,The Bleak Future,348,,,action,,,,12,55e316b8f49d
Soul Reaver 2,19,Moebius's Martyred Spirit,349,,,action,,,,11,9fe411621cdb
Soul Reaver 2,19,Moebius's Martyred Spirit,350,Moebius,Moebius,speech,dialogue,model,0.0168,1,0a0655842ac8
Soul Reaver 2,19,Moebius's Martyred Spirit,351,Raziel,Raziel,speech,dialogue,none,,7,012b8841c909
Soul Reaver 2,19,Moebius's Martyred Spirit,352,Moebius,Moebius,speech,dialogue,constraint,,10,3e00fc8011ee
Soul Reaver 2,19,Moebius's Martyred Spirit,353,Raziel,Raziel,speech,dialogue,none,,24,0cb75b5612ab
Soul Reaver 2,19,Moebius's Martyred Spirit,354,Moebius,Moebius,speech,dialogue,model,0.1840,40,9c429bee9a73
Soul Reaver 2,19,Moebius's Martyred Spirit,355,Raziel,Raziel,speech,dialogue,none,,8,4177607b151c
Soul Reaver 2,19,Moebius's Martyred Spirit,356,Moebius,Moebius,speech,dialogue,constraint,,65,8788900f7a42
Soul Reaver 2,19,Moebius's Martyred Spirit,357,Raziel,Raziel,speech,dialogue,none,,58,e2474d32f94c
Soul Reaver 2,19,Moebius's Martyred Spirit,358,Moebius,Moebius,speech,dialogue,constraint,0.7747,24,53fd2410ea81
Soul Reaver 2,19,Moebius's Martyred Spirit,359,Raziel,Raziel,speech,dialogue,none,,94,f629603f7772
Soul Reaver 2,19,Moebius's Martyred Spirit,360,Moebius,Moebius,speech,dialogue,model,0.0249,15,e02fe27f681b
Soul Reaver 2,19,Moebius's Martyred Spirit,361,,,action,,,,4,072918855d76
Soul Reaver 2,19,Moebius's Martyred Spirit,362,,,action,,,,11,b6d665daea64
Soul Reaver 2,19,Moebius's Martyred Spirit,363,Raziel,Raziel,speech,dialogue,none,,7,7862e63a3d5d
Soul Reaver 2,19,Moebius's Martyred Spirit,364,,,action,,,,6,4e98ff9230f6
Soul Reaver 2,19,Moebius's Martyred Spirit,365,Raziel,Raziel,speech,dialogue,none,,8,feef802027c4
Soul Reaver 2,19,Moebius's Martyred Spirit,366,,,action,,,,14,9f38b0123cfb
Soul Reaver 2,20,Ariel's Lament,367,,,action,,,,10,c28fc7a2b780
Soul Reaver 2,20,Ariel's Lament,368,Raziel,Raziel,speech,narration,explicit_vo,,62,cd6ea0f69588
Soul Reaver 2,20,Ariel's Lament,369,,,action,,,,13,aa1afc4140e8
Soul Reaver 2,20,Ariel's Lament,370,,,action,,,,12,bf9b11c709e0
Soul Reaver 2,20,Ariel's Lament,371,Ariel,Ariel,speech,dialogue,constraint,0.9863,92,4c8373a639f7
Soul Reaver 2,20,Ariel's Lament,372,,,action,,,,9,69b16a72cbea
Soul Reaver 2,20,Ariel's Lament,373,Raziel,Raziel,speech,dialogue,none,,62,ccdf191bc84d
Soul Reaver 2,20,Ariel's Lament,374,,,action,,,,3,fc30b54c1151
Soul Reaver 2,20,Ariel's Lament,375,Ariel,Ariel,speech,dialogue,constraint,0.7392,17,513a8106f5da
Soul Reaver 2,20,Ariel's Lament,376,,,action,,,,4,27e509e39db0
Soul Reaver 2,20,Ariel's Lament,377,Raziel,Raziel,speech,dialogue,none,,48,178ffc9bbdb6
Soul Reaver 2,20,Ariel's Lament,378,Ariel,Ariel,speech,dialogue,model,0.0720,28,7bd4069fc777
Soul Reaver 2,20,Ariel's Lament,379,Raziel,Raziel,speech,dialogue,none,,39,13dccb2c621a
Soul Reaver 2,20,Ariel's Lament,380,,,action,,,,12,983111375694
Soul Reaver 2,20,Ariel's Lament,381,Ariel,Ariel,speech,dialogue,model,0.0212,18,9e807a6857ec
Soul Reaver 2,20,Ariel's Lament,382,Raziel,Raziel,speech,dialogue,none,,55,82e3785aba14
Soul Reaver 2,20,Ariel's Lament,383,Ariel,Ariel,speech,dialogue,model,0.0034,8,363486bfb1a6
Soul Reaver 2,20,Ariel's Lament,384,,,action,,,,5,27313c55cf68
Soul Reaver 2,20,Ariel's Lament,385,Raziel,Raziel,speech,dialogue,none,,33,4d21bec2d0fc
Soul Reaver 2,20,Ariel's Lament,386,,,action,,,,14,63a928bf9b3e
Soul Reaver 2,21,Raziel Defies the Elder,387,,,action,,,,10,76b0932acac1
Soul Reaver 2,21,Raziel Defies the Elder,388,Elder God,Elder God,speech,dialogue,model,0.3247,58,16d54bea0def
Soul Reaver 2,21,Raziel Defies the Elder,389,Raziel,Raziel,speech,dialogue,none,,62,a5f23964b3bc
Soul Reaver 2,21,Raziel Defies the Elder,390,Raziel,Raziel,speech,dialogue,none,,34,e7ede99970c3
Soul Reaver 2,21,Raziel Defies the Elder,391,Elder God,Elder God,speech,dialogue,model,0.0366,19,d01b4c11e5e7
Soul Reaver 2,21,Raziel Defies the Elder,392,Elder God,Elder God,speech,dialogue,model,0.1889,7,fe52e2a92b68
Soul Reaver 2,21,Raziel Defies the Elder,393,,,action,,,,4,9b032d7e35a0
Soul Reaver 2,21,Raziel Defies the Elder,394,Raziel,Raziel,speech,dialogue,none,,23,9c757c04828e
Soul Reaver 2,21,Raziel Defies the Elder,395,,,action,,,,13,82c48ec1fc37
Soul Reaver 2,21,Raziel Defies the Elder,396,Raziel,Raziel,speech,narration,explicit_vo,,46,433d27f223ac
Soul Reaver 2,21,Raziel Defies the Elder,397,,,action,,,,13,cd6b13399252
Soul Reaver 2,21,Raziel Defies the Elder,398,Raziel,Raziel,speech,dialogue,none,,34,e6d7e4e125cd
Soul Reaver 2,21,Raziel Defies the Elder,399,,,action,,,,9,a4129f4dda09
Soul Reaver 2,22,Uschtenheim,400,,,action,,,,11,052888f66136
Soul Reaver 2,22,Uschtenheim,401,Raziel,Raziel,speech,dialogue,none,,53,4c0647dc4644
Soul Reaver 2,22,Uschtenheim,402,,,action,,,,13,0b1768702247
Soul Reaver 2,23,The Ruined Aerie,403,,,action,,,,10,d35a7432aa5a
Soul Reaver 2,23,The Ruined Aerie,404,,,action,,,,14,eca83d135f10
Soul Reaver 2,23,The Ruined Aerie,405,Raziel,Raziel,speech,narration,explicit_vo,,20,88f31cd09ca0
Soul Reaver 2,23,The Ruined Aerie,406,,,action,,,,11,8c36af25cf7b
Soul Reaver 2,23,The Ruined Aerie,407,Raziel,Raziel,speech,dialogue,none,,21,770ad3bfd4c1
Soul Reaver 2,23,The Ruined Aerie,408,Raziel,Raziel,speech,dialogue,none,,22,fbcdef5bd5f1
Soul Reaver 2,23,The Ruined Aerie,409,,,action,,,,9,87a0d1ac224d
Soul Reaver 2,23,The Ruined Aerie,410,Kain,Kain,speech,dialogue,model,0.0701,4,ae22592c7a9f
Soul Reaver 2,23,The Ruined Aerie,411,,,action,,,,8,c6087e4abecc
Soul Reaver 2,23,The Ruined Aerie,412,Kain,Kain,speech,dialogue,model,0.0141,11,59a1ddfd028b
Soul Reaver 2,23,The Ruined Aerie,413,Raziel,Raziel,speech,dialogue,none,,12,3f2853c3b899
Soul Reaver 2,23,The Ruined Aerie,414,,,action,,,,4,669041c4a9bd
Soul Reaver 2,23,The Ruined Aerie,415,Kain,Kain,speech,dialogue,model,0.0654,22,71b23a1c9330
Soul Reaver 2,23,The Ruined Aerie,416,Raziel,Raziel,speech,dialogue,none,,23,4855d19b904a
Soul Reaver 2,23,The Ruined Aerie,417,Raziel,Raziel,speech,dialogue,none,,6,6e29a2a8dd9c
Soul Reaver 2,23,The Ruined Aerie,418,Kain,Kain,speech,dialogue,model,0.0111,11,92b122c62062
Soul Reaver 2,23,The Ruined Aerie,419,Raziel,Raziel,speech,dialogue,none,,49,9d9b0c695b18
Soul Reaver 2,23,The Ruined Aerie,420,Kain,Kain,speech,dialogue,model,0.0033,5,3926ff6ee75b
Soul Reaver 2,23,The Ruined Aerie,421,Raziel,Raziel,speech,dialogue,none,,41,4efb89c565cd
Soul Reaver 2,23,The Ruined Aerie,422,Kain,Kain,speech,dialogue,model,0.1371,37,7343de2b5187
Soul Reaver 2,23,The Ruined Aerie,423,Raziel,Raziel,speech,dialogue,none,,12,c46b778f4a5b
Soul Reaver 2,23,The Ruined Aerie,424,,,action,,,,3,851ca08d8e4a
Soul Reaver 2,23,The Ruined Aerie,425,Kain,Kain,speech,dialogue,model,0.3282,65,8f342c2bc690
Soul Reaver 2,23,The Ruined Aerie,426,Raziel,Raziel,speech,dialogue,none,,10,2e08c65e5a6d
Soul Reaver 2,23,The Ruined Aerie,427,Kain,Kain,speech,dialogue,constraint,0.7844,27,b7676db408d0
Soul Reaver 2,23,The Ruined Aerie,428,,,action,,,,5,46603a19083a
Soul Reaver 2,24,The Air Forge,429,,,action,,,,12,b5f26104ecf2
Soul Reaver 2,24,The Air Forge,430,Raziel,Raziel,speech,narration,explicit_vo,,122,cb7a6a85ba1f
Soul Reaver 2,24,The Air Forge,431,,,action,,,,11,836ed9750b2f
Soul Reaver 2,24,The Air Forge,432,Raziel,Raziel,speech,narration,explicit_vo,,46,826b9df4a1dc
Soul Reaver 2,24,The Air Forge,433,,,action,,,,13,4dec8d08a3a5
Soul Reaver 2,24,The Air Forge,434,Raziel,Raziel,speech,narration,explicit_vo,,54,3d64c1aa9fb5
Soul Reaver 2,25,Back to the Past,435,,,action,,,,13,a51e39d58aaf
Soul Reaver 2,25,Back to the Past,436,Raziel,Raziel,speech,narration,explicit_vo,,60,40f74114123e
Soul Reaver 2,25,Back to the Past,437,,,action,,,,4,618ae141f2bf
Soul Reaver 2,25,Back to the Past,438,,,action,,,,14,ba5c96f9dbac
Soul Reaver 2,25,Back to the Past,439,Raziel,Raziel,speech,narration,explicit_vo,,82,ba9f44f64084
Soul Reaver 2,25,Back to the Past,440,,,action,,,,7,7ca2d0f22cea
Soul Reaver 2,25,Back to the Past,441,Raziel,Raziel,speech,dialogue,none,,32,847aeb80800a
Soul Reaver 2,25,Back to the Past,442,,,action,,,,11,93a774af61fa
Soul Reaver 2,25,Back to the Past,443,Raziel,Raziel,speech,dialogue,none,,82,ed328e086308
Soul Reaver 2,25,Back to the Past,444,,,action,,,,9,dba6eb50f9bb
Soul Reaver 2,26,Janos Audron's Mountain Retreat,445,Raziel,Raziel,speech,dialogue,none,,115,ea1d8b6acdf9
Soul Reaver 2,26,Janos Audron's Mountain Retreat,446,,,action,,,,15,69833e2e1f4e
Soul Reaver 2,26,Janos Audron's Mountain Retreat,447,Raziel,Raziel,speech,dialogue,none,,119,9aa93f6b8c6d
Soul Reaver 2,26,Janos Audron's Mountain Retreat,448,,,action,,,,11,1ad59c82d0dd
Soul Reaver 2,27,The Tenth Guardian,449,,,action,,,,11,60c80d86ce9e
Soul Reaver 2,27,The Tenth Guardian,450,Raziel,Raziel,speech,dialogue,none,,2,e94607d80926
Soul Reaver 2,27,The Tenth Guardian,451,,,action,,,,9,9b4a8c2206e4
Soul Reaver 2,27,The Tenth Guardian,452,Janos,Janos Audron,speech,dialogue,constraint,,14,9e443db0280a
Soul Reaver 2,27,The Tenth Guardian,453,,,action,,,,13,6fbaf202f2db
Soul Reaver 2,27,The Tenth Guardian,454,Janos,Janos Audron,speech,dialogue,model,0.0052,9,8f3ce5e61b8e
Soul Reaver 2,27,The Tenth Guardian,455,Raziel,Raziel,speech,dialogue,none,,22,856914460498
Soul Reaver 2,27,The Tenth Guardian,456,,,action,,,,10,ff8460403b81
Soul Reaver 2,27,The Tenth Guardian,457,Janos,Janos Audron,speech,dialogue,constraint,,68,6ae1e2648efd
Soul Reaver 2,27,The Tenth Guardian,458,,,action,,,,8,0200bcfa5295
Soul Reaver 2,27,The Tenth Guardian,459,Raziel,Raziel,speech,dialogue,none,,11,eaa6015a9348
Soul Reaver 2,27,The Tenth Guardian,460,,,action,,,,8,ad3092384574
Soul Reaver 2,27,The Tenth Guardian,461,Janos,Janos Audron,speech,dialogue,model,0.0518,3,acedd23ecfb0
Soul Reaver 2,27,The Tenth Guardian,462,,,action,,,,11,e18fb8dc8631
Soul Reaver 2,27,The Tenth Guardian,463,Janos,Janos Audron,speech,dialogue,constraint,0.9551,55,511d10839ffa
Soul Reaver 2,27,The Tenth Guardian,464,,,action,,,,3,02f91ab718a5
Soul Reaver 2,27,The Tenth Guardian,465,Raziel,Raziel,speech,dialogue,none,,17,d11ede8205df
Soul Reaver 2,27,The Tenth Guardian,466,,,action,,,,14,29dad0a033c4
Soul Reaver 2,27,The Tenth Guardian,467,Janos,Janos Audron,speech,dialogue,constraint,0.9649,70,fe9f114e971f
Soul Reaver 2,27,The Tenth Guardian,468,,,action,,,,14,8f45a67799de
Soul Reaver 2,27,The Tenth Guardian,469,Janos,Janos Audron,speech,dialogue,constraint,,12,45221d724422
Soul Reaver 2,27,The Tenth Guardian,470,,,action,,,,12,18d196799b25
Soul Reaver 2,27,The Tenth Guardian,471,Janos,Janos Audron,speech,dialogue,model,0.1135,37,09be083c7483
Soul Reaver 2,27,The Tenth Guardian,472,Raziel,Raziel,speech,dialogue,none,,11,fa3667a8c943
Soul Reaver 2,27,The Tenth Guardian,473,Janos,Janos Audron,speech,dialogue,constraint,,16,247431d2e82d
Soul Reaver 2,27,The Tenth Guardian,474,Raziel,Raziel,speech,dialogue,none,,14,da95fb562887
Soul Reaver 2,27,The Tenth Guardian,475,,,action,,,,4,8b2e07d94668
Soul Reaver 2,27,The Tenth Guardian,476,Janos,Janos Audron,speech,dialogue,constraint,0.6771,20,9e55c31721c4
Soul Reaver 2,27,The Tenth Guardian,477,Raziel,Raziel,speech,dialogue,none,,2,5d474a7ae590
Soul Reaver 2,27,The Tenth Guardian,478,Janos,Janos Audron,speech,dialogue,model,0.3027,8,d97636254228
Soul Reaver 2,27,The Tenth Guardian,479,Raziel,Raziel,speech,dialogue,none,,4,b1e3f3aae88e
Soul Reaver 2,27,The Tenth Guardian,480,Janos,Janos Audron,speech,dialogue,constraint,,14,92f28bda52d5
Soul Reaver 2,27,The Tenth Guardian,481,,,action,,,,12,2a792bf2a5de
Soul Reaver 2,27,The Tenth Guardian,482,Raziel,Raziel,speech,dialogue,none,,23,26f081a04cc1
Soul Reaver 2,27,The Tenth Guardian,483,,,action,,,,4,2ec66ddf2b0e
Soul Reaver 2,27,The Tenth Guardian,484,Janos,Janos Audron,speech,dialogue,model,0.0445,3,3ab6f0d18faf
Soul Reaver 2,27,The Tenth Guardian,485,Raziel,Raziel,speech,dialogue,none,,10,8ea2a745421c
Soul Reaver 2,27,The Tenth Guardian,486,Janos,Janos Audron,speech,dialogue,model,0.1196,34,70992580de01
Soul Reaver 2,27,The Tenth Guardian,487,,,action,,,,6,72dc987b2d37
Soul Reaver 2,27,The Tenth Guardian,488,Janos,Janos Audron,speech,dialogue,model,0.0223,14,fbf0deeccef4
Soul Reaver 2,27,The Tenth Guardian,489,,,action,,,,9,2d33c277ad9f
Soul Reaver 2,27,The Tenth Guardian,490,Janos,Janos Audron,speech,dialogue,constraint,,12,55483625b7b1
Soul Reaver 2,27,The Tenth Guardian,491,,,action,,,,6,686bd2d8e554
Soul Reaver 2,27,The Tenth Guardian,492,Raziel,Raziel,speech,dialogue,none,,7,e5c61173745b
Soul Reaver 2,27,The Tenth Guardian,493,Janos,Janos Audron,speech,dialogue,model,0.0168,1,c53c562dab4b
Soul Reaver 2,27,The Tenth Guardian,494,,,action,,,,13,baa52406cb65
Soul Reaver 2,27,The Tenth Guardian,495,Raziel,Raziel,speech,dialogue,none,,9,f4f968a21391
Soul Reaver 2,27,The Tenth Guardian,496,,,action,,,,13,c37da6fe8edc
Soul Reaver 2,27,The Tenth Guardian,497,Janos,Janos Audron,speech,dialogue,constraint,0.8461,28,76c1e5aed4c8
Soul Reaver 2,27,The Tenth Guardian,498,Raziel,Raziel,speech,narration,explicit_vo,,40,b9f01d40bf52
Soul Reaver 2,27,The Tenth Guardian,499,,,action,,,,6,52215119c23b
Soul Reaver 2,27,The Tenth Guardian,500,Raziel,Raziel,speech,dialogue,none,,7,d99d884663aa
Soul Reaver 2,27,The Tenth Guardian,501,,,action,,,,12,a9f05c300166
Soul Reaver 2,27,The Tenth Guardian,502,Janos,Janos Audron,speech,dialogue,model,0.0043,6,1ad09c25d5ee
Soul Reaver 2,27,The Tenth Guardian,503,,,action,,,,14,a25891b2e7e0
Soul Reaver 2,27,The Tenth Guardian,504,Janos,Janos Audron,speech,dialogue,model,0.0020,5,3082c0a54677
Soul Reaver 2,27,The Tenth Guardian,505,,,action,,,,13,f9933c574e24
Soul Reaver 2,27,The Tenth Guardian,506,Raziel,Raziel,speech,dialogue,none,,3,d91092e666e8
Soul Reaver 2,27,The Tenth Guardian,507,,,action,,,,13,665114e774fb
Soul Reaver 2,27,The Tenth Guardian,508,Raziel,Raziel,speech,narration,explicit_vo,,180,726e2715035e
Soul Reaver 2,28,The Fire Forge,509,,,action,,,,13,cb930b392fdd
Soul Reaver 2,28,The Fire Forge,510,Raziel,Raziel,speech,narration,explicit_vo,,34,675de4c47f80
Soul Reaver 2,29,The Death of Janos Audron,511,,,action,,,,13,d2a0567b3a32
Soul Reaver 2,29,The Death of Janos Audron,512,Sarafan Raziel,Sarafan Raziel,speech,dialogue,model,0.0278,2,8ff935d48855
Soul Reaver 2,29,The Death of Janos Audron,513,,,action,,,,11,cb83b53ee52a
Soul Reaver 2,29,The Death of Janos Audron,514,Janos,Janos Audron,speech,dialogue,model,0.0686,3,1796f77d77a1
Soul Reaver 2,29,The Death of Janos Audron,515,,,action,,,,13,191a79436bd1
Soul Reaver 2,29,The Death of Janos Audron,516,Turel,Turel,speech,dialogue,model,0.3213,9,12eaa05607ed
Soul Reaver 2,29,The Death of Janos Audron,517,,,action,,,,15,2224df8fa347
Soul Reaver 2,29,The Death of Janos Audron,518,,,action,,,,10,49bbbd101917
Soul Reaver 2,29,The Death of Janos Audron,519,Dumah,Dumah,speech,dialogue,model,0.1568,7,9ac9e63e9240
Soul Reaver 2,29,The Death of Janos Audron,520,,,action,,,,12,0ecbc93d2f3f
Soul Reaver 2,29,The Death of Janos Audron,521,Sarafan Raziel,Sarafan Raziel,speech,dialogue,model,0.0555,3,88ad79ac98c7
Soul Reaver 2,29,The Death of Janos Audron,522,,,action,,,,14,ccb65ad1a1b4
Soul Reaver 2,29,The Death of Janos Audron,523,Raziel,Raziel,speech,dialogue,none,,7,2bed80f27c82
Soul Reaver 2,29,The Death of Janos Audron,524,,,action,,,,13,b5950e8e6c1c
Soul Reaver 2,29,The Death of Janos Audron,525,Raziel,Raziel,speech,narration,explicit_vo,,63,e00dfe408df9
Soul Reaver 2,29,The Death of Janos Audron,526,,,action,,,,13,cb7707a6d95a
Soul Reaver 2,29,The Death of Janos Audron,527,Raziel,Raziel,speech,narration,explicit_vo,,102,9ad45f23d7cf
Soul Reaver 2,29,The Death of Janos Audron,528,,,action,,,,14,d2c96f63b25a
Soul Reaver 2,30,Return for the Final Showdown,529,,,action,,,,13,8d90016bedcd
Soul Reaver 2,30,Return for the Final Showdown,530,Demon,Demon,speech,dialogue,model,0.0040,6,4f735e6221ff
Soul Reaver 2,30,Return for the Final Showdown,531,Raziel,Raziel,speech,narration,explicit_vo,,59,fa0b7e1f502b
Soul Reaver 2,30,Return for the Final Showdown,532,,,action,,,,13,17a82b65aa16
Soul Reaver 2,30,Return for the Final Showdown,533,Demon A,Demon A,speech,dialogue,model,0.0038,8,763986214ef6
Soul Reaver 2,30,Return for the Final Showdown,534,Demon B,Demon B,speech,dialogue,model,0.0040,6,15c15d0e1c47
Soul Reaver 2,30,Return for the Final Showdown,535,,,action,,,,10,c477f6b21cc9
Soul Reaver 2,30,Return for the Final Showdown,536,Demon,Demon,speech,dialogue,model,0.1889,7,66046029e943
Soul Reaver 2,30,Return for the Final Showdown,537,,,action,,,,12,308289d383d6
Soul Reaver 2,30,Return for the Final Showdown,538,Demon,Demon,speech,dialogue,model,0.0686,3,cc2d7970e47b
Soul Reaver 2,30,Return for the Final Showdown,539,,,action,,,,8,f51eb23b9dbe
Soul Reaver 2,30,Return for the Final Showdown,540,Demon,Demon,speech,dialogue,model,0.0011,4,3cb67a45426f
Soul Reaver 2,31,The Final Transgression,541,Elder God,Elder God,speech,dialogue,model,0.0031,5,d8dac6145a30
Soul Reaver 2,31,The Final Transgression,542,Raziel,Raziel,speech,dialogue,none,,129,b0a2f712af8c
Soul Reaver 2,31,The Final Transgression,543,,,action,,,,11,4d3cd5be2784
Soul Reaver 2,31,The Final Transgression,544,Demon B,Demon B,speech,dialogue,model,0.0686,3,efb3a54f2a75
Soul Reaver 2,31,The Final Transgression,545,,,action,,,,9,f6ee188bcca5
Soul Reaver 2,32,Cornered in the Stronghold,546,,,action,,,,12,ff66660834fd
Soul Reaver 2,32,Cornered in the Stronghold,547,Raziel,Raziel,speech,narration,explicit_vo,,74,53d4b307dd52
Soul Reaver 2,32,Cornered in the Stronghold,548,,,action,,,,12,56571fc89823
Soul Reaver 2,32,Cornered in the Stronghold,549,Moebius,Moebius,speech,dialogue,model,0.0831,33,57655ebd86f7
Soul Reaver 2,32,Cornered in the Stronghold,550,,,action,,,,3,cf2557c0792f
Soul Reaver 2,32,Cornered in the Stronghold,551,Raziel,Raziel,speech,dialogue,none,,7,61073b3acdc1
Soul Reaver 2,32,Cornered in the Stronghold,552,Moebius,Moebius,speech,dialogue,constraint,,6,c292f3eea8c3
Soul Reaver 2,32,Cornered in the Stronghold,553,,,action,,,,11,f7415673e50b
Soul Reaver 2,32,Cornered in the Stronghold,554,Moebius,Moebius,speech,dialogue,constraint,,18,a0020a2cd1d9
Soul Reaver 2,32,Cornered in the Stronghold,555,,,action,,,,9,e2b9212974ea
Soul Reaver 2,32,Cornered in the Stronghold,556,Moebius,Moebius,speech,dialogue,model,0.1289,30,621af9d7dd91
Soul Reaver 2,32,Cornered in the Stronghold,557,,,action,,,,12,ce62cf73bfea
Soul Reaver 2,32,Cornered in the Stronghold,558,,,action,,,,12,50fa097e4b49
Soul Reaver 2,32,Cornered in the Stronghold,559,Malek,Malek,speech,dialogue,constraint,,12,f0ec26813ebc
Soul Reaver 2,32,Cornered in the Stronghold,560,,,action,,,,12,8f4a9b4fd858
Soul Reaver 2,32,Cornered in the Stronghold,561,Raziel,Raziel,speech,dialogue,none,,8,9201041dcf00
Soul Reaver 2,32,Cornered in the Stronghold,562,,,action,,,,11,3e39732fadd4
Soul Reaver 2,32,Cornered in the Stronghold,563,,,action,,,,9,2ee47dc9f5ae
Soul Reaver 2,32,Cornered in the Stronghold,564,Moebius,Moebius,speech,dialogue,model,0.1767,6,4e532d48ebbe
Soul Reaver 2,32,Cornered in the Stronghold,565,,,action,,,,13,bbb84e131098
Soul Reaver 2,32,Cornered in the Stronghold,566,Raziel,Raziel,speech,narration,explicit_vo,,93,d98e4c0c6251
Soul Reaver 2,33,Path to Vengeance,567,,,action,,,,9,7dae6a71989c
Soul Reaver 2,33,Path to Vengeance,568,Raziel,Raziel,speech,narration,explicit_vo,,60,e37a0432b6f1
Soul Reaver 2,33,Path to Vengeance,569,,,action,,,,9,1c2479a90242
Soul Reaver 2,33,Path to Vengeance,570,Raziel,Raziel,speech,narration,explicit_vo,,37,f9e87020ec79
Soul Reaver 2,34,Vengeance,571,,,action,,,,12,13266cb7a919
Soul Reaver 2,34,Vengeance,572,Zephon,Zephon,speech,dialogue,model,0.0037,6,dd8015909cf7
Soul Reaver 2,34,Vengeance,573,Melchiah,Melchiah,speech,dialogue,model,0.0029,5,bd087015d876
Soul Reaver 2,34,Vengeance,574,,,action,,,,11,d50354204bc4
Soul Reaver 2,34,Vengeance,575,Raziel,Raziel,speech,narration,explicit_vo,,87,166c2b469f96
Soul Reaver 2,34,Vengeance,576,,,action,,,,14,3b2c80320a5d
Soul Reaver 2,34,Vengeance,577,Raziel,Raziel,speech,narration,explicit_vo,,81,ed39d19dda1e
Soul Reaver 2,34,Vengeance,578,,,action,,,,10,89c33add6abb
Soul Reaver 2,34,Vengeance,579,Dumah,Dumah,speech,dialogue,model,0.0067,9,5b01a6a83e03
Soul Reaver 2,34,Vengeance,580,Rahab,Rahab,speech,dialogue,model,0.0040,7,fc50288096a7
Soul Reaver 2,34,Vengeance,581,,,action,,,,9,2ac1edd10c86
Soul Reaver 2,34,Vengeance,582,Raziel,Raziel,speech,narration,explicit_vo,,76,063ac50f3b96
Soul Reaver 2,34,Vengeance,583,,,action,,,,12,a90ff993dfaa
Soul Reaver 2,34,Vengeance,584,Turel,Turel,speech,dialogue,model,0.0124,9,45fd4ead3afa
Soul Reaver 2,34,Vengeance,585,,,action,,,,6,9d8b0ccd4a7e
Soul Reaver 2,34,Vengeance,586,Raziel,Raziel,speech,narration,explicit_vo,,48,61e3ad9704cf
Soul Reaver 2,35,Renunciation,587,,,action,,,,13,34ee168e7bd5
Soul Reaver 2,35,Renunciation,588,Raziel,Raziel,speech,dialogue,none,,23,654f56cc72c1
Soul Reaver 2,35,Renunciation,589,Raziel,Raziel,speech,dialogue,none,,5,783de207f675
Soul Reaver 2,35,Renunciation,590,,,action,,,,6,b91bc48657b5
Soul Reaver 2,35,Renunciation,591,Sarafan Raziel,Sarafan Raziel,speech,dialogue,model,0.1431,35,51007a71e63e
Soul Reaver 2,35,Renunciation,592,,,action,,,,15,8c8f06cab590
Soul Reaver 2,36,Full Circle,593,,,action,,,,12,8893fe8a5439
Soul Reaver 2,36,Full Circle,594,Sarafan Raziel,Sarafan Raziel,speech,dialogue,model,0.0686,3,f6e40a964ee2
Soul Reaver 2,36,Full Circle,595,,,action,,,,12,5d34e07b4894
Soul Reaver 2,36,Full Circle,596,,,action,,,,13,e2afabfcc0a4
Soul Reaver 2,36,Full Circle,597,Raziel,Raziel,speech,narration,explicit_vo,,63,e81b28f6406f
Soul Reaver 2,36,Full Circle,598,,,action,,,,14,8241a2cb1336
Soul Reaver 2,36,Full Circle,599,,,action,,,,13,e0f437a57ab6
Soul Reaver 2,36,Full Circle,600,Raziel,Raziel,speech,narration,explicit_vo,,71,e2463fdf6689
Soul Reaver 2,36,Full Circle,601,,,action,,,,13,7cd2080199c2
Soul Reaver 2,36,Full Circle,602,Raziel,Raziel,speech,dialogue,none,,1,38a85a35e35f
Soul Reaver 2,36,Full Circle,603,,,action,,,,10,779b8ca1b145
Soul Reaver 2,36,Full Circle,604,Raziel,Raziel,speech,dialogue,none,,5,b2889955216f
Soul Reaver 2,36,Full Circle,605,,,action,,,,4,5d1ca2e3136c
Soul Reaver 2,36,Full Circle,606,Kain,Kain,speech,dialogue,model,0.0250,2,1e7fd3af2e4b
Soul Reaver 2,36,Full Circle,607,,,action,,,,8,8387ead4348b
Soul Reaver 2,36,Full Circle,608,Raziel,Raziel,speech,narration,explicit_vo,,23,af99a8e0cdc6
Soul Reaver 2,36,Full Circle,609,,,action,,,,13,7598a8efbe15
Soul Reaver 2,36,Full Circle,610,Raziel,Raziel,speech,narration,explicit_vo,,63,5eb3a79590fb
Soul Reaver 2,36,Full Circle,611,,,action,,,,12,9f3f9a9a7b19
Soul Reaver 2,36,Full Circle,612,,,action,,,,4,8997b5a8df99
Soul Reaver 2,36,Full Circle,613,,,action,,,,13,b7ff4f2e09df
Soul Reaver 2,36,Full Circle,614,Kain,Kain,speech,dialogue,model,0.0096,10,ee7e1e407443
Soul Reaver 2,36,Full Circle,615,,,action,,,,14,b6dcf5942558
Soul Reaver 2,36,Full Circle,616,Raziel,Raziel,speech,narration,explicit_vo,,56,3bab2b74986f
Soul Reaver 2,36,Full Circle,617,,,action,,,,13,a079541b5899
Soul Reaver 2,36,Full Circle,618,,,action,,,,10,45cb636b4f8f
Soul Reaver 2,36,Full Circle,619,Kain,Kain,speech,dialogue,model,0.0786,5,068fd5693662
Soul Reaver 2,36,Full Circle,620,,,action,,,,11,c6648a283ff9
Blood Omen 2,1,Opening,1,,,action,,,,5,09c426ccdad9
Blood Omen 2,1,Opening,2,,,action,,,,13,cd2d9c67f23d
Blood Omen 2,1,Opening,3,Kain,Kain,speech,narration,explicit_paren,,37,6d722435410a
Blood Omen 2,1,Opening,4,,,action,,,,13,74ffc075f64c
Blood Omen 2,1,Opening,5,Umah,Umah,speech,dialogue,model,0.0279,15,2ebcb0024f9a
Blood Omen 2,1,Opening,6,Kain,Kain,speech,narration,explicit_paren,,8,9f290166d2e8
Blood Omen 2,1,Opening,7,Kain,Kain,speech,dialogue,explicit_paren,,7,654f1064dddf
Blood Omen 2,1,Opening,8,Umah,Umah,speech,dialogue,model,0.1783,43,e9bde028b743
Blood Omen 2,1,Opening,9,,,action,,,,8,230ae986253d
Blood Omen 2,1,Opening,10,Kain,Kain,speech,dialogue,none,,11,e22082e583ec
Blood Omen 2,1,Opening,11,Umah,Umah,speech,dialogue,model,0.1505,33,bdea380070c0
Blood Omen 2,1,Opening,12,Kain,Kain,speech,dialogue,none,,5,2b34ee56fc8a
Blood Omen 2,1,Opening,13,,,action,,,,3,9a25829d906f
Blood Omen 2,1,Opening,14,Umah,Umah,speech,dialogue,model,0.1170,35,4bb29102ac22
Blood Omen 2,1,Opening,15,Kain,Kain,speech,dialogue,none,,2,be6167b82415
Blood Omen 2,1,Opening,16,,,action,,,,13,6469f91af0bc
Blood Omen 2,1,Opening,17,Umah,Umah,speech,dialogue,model,0.0490,24,00b9fe210e86
Blood Omen 2,1,Opening,18,,,action,,,,13,386f5d0544b5
Blood Omen 2,1,Opening,19,Umah,Umah,speech,dialogue,model,0.2221,36,0fdf63bc3652
Blood Omen 2,1,Opening,20,Kain,Kain,speech,dialogue,none,,3,507124824a04
Blood Omen 2,1,Opening,21,Umah,Umah,speech,dialogue,constraint,0.6608,113,1c022cbc937c
Blood Omen 2,1,Opening,22,Kain,Kain,speech,dialogue,none,,5,3400f0435b9f
Blood Omen 2,1,Opening,23,,,action,,,,5,a4a80a47dc6d
Blood Omen 2,1,Opening,24,Umah,Umah,speech,dialogue,model,0.0447,21,be2971f6d6d1
Blood Omen 2,1,Opening,25,,,action,,,,4,602a871be394
Blood Omen 2,1,Opening,26,Kain,Kain,speech,dialogue,none,,7,7510e23a2297
Blood Omen 2,1,Opening,27,Umah,Umah,speech,dialogue,model,0.0168,1,d8ba08d43eaa
Blood Omen 2,1,Opening,28,Kain,Kain,speech,dialogue,none,,7,d1f3c1ce961c
Blood Omen 2,1,Opening,29,Umah,Umah,speech,dialogue,model,0.2061,52,48f28cd53651
Blood Omen 2,1,Opening,30,Kain,Kain,speech,dialogue,none,,17,d540fcd1b280
Blood Omen 2,1,Opening,31,Umah,Umah,speech,dialogue,model,0.1342,38,b28214e01fae
Blood Omen 2,1,Opening,32,Kain,Kain,speech,dialogue,none,,22,edb2d60155bf
Blood Omen 2,1,Opening,33,Umah,Umah,speech,dialogue,model,0.2222,52,05ed62ff9f89
Blood Omen 2,1,Opening,34,Kain,Kain,speech,dialogue,none,,14,531873f2602a
Blood Omen 2,1,Opening,35,Umah,Umah,speech,dialogue,model,0.0920,33,4cdc3729df9d
Blood Omen 2,1,Opening,36,Kain,Kain,speech,dialogue,none,,7,088ae0b8fbf1
Blood Omen 2,1,Opening,37,,,action,,,,6,0bf434506d3f
Blood Omen 2,1,Opening,38,Umah,Umah,speech,dialogue,constraint,0.8435,37,facecea5f135
Blood Omen 2,1,Opening,39,,,action,,,,8,5e5ac8e08181
Blood Omen 2,1,Opening,40,Kain,Kain,speech,dialogue,none,,28,598985541b06
Blood Omen 2,1,Opening,41,,,action,,,,6,fea77621f531
Blood Omen 2,1,Opening,42,Umah,Umah,speech,dialogue,model,0.1007,31,c92c78ff0112
Blood Omen 2,1,Opening,43,Kain,Kain,speech,dialogue,none,,9,2e3ccfb06154
Blood Omen 2,1,Opening,44,Umah,Umah,speech,dialogue,constraint,,14,9c472e2b8f6d
Blood Omen 2,1,Opening,45,Kain,Kain,speech,dialogue,none,,5,b8a6da7c46d8
Blood Omen 2,1,Opening,46,Umah,Umah,speech,dialogue,model,0.1572,40,e308750b87dc
Blood Omen 2,1,Opening,47,Kain,Kain,speech,dialogue,none,,10,02a5bb6dbd40
Blood Omen 2,1,Opening,48,,,action,,,,6,38eb62829976
Blood Omen 2,1,Opening,49,Kain,Kain,speech,dialogue,explicit_paren,,1,fe7c6d4123b2
Blood Omen 2,1,Opening,50,Kain,Kain,speech,narration,explicit_paren,,9,a132631b4664
Blood Omen 2,1,Opening,51,Umah,Umah,speech,dialogue,model,0.0232,15,92b75a7446b6
Blood Omen 2,1,Opening,52,Kain,Kain,speech,dialogue,none,,1,c53c562dab4b
Blood Omen 2,1,Opening,53,,,action,,,,14,e1d3fc2c0633
Blood Omen 2,2,Chapter One: The Slums,54,,,action,,,,13,77e2a5afe9d6
Blood Omen 2,2,Chapter One: The Slums,55,,,action,,,,8,f20173b170e3
Blood Omen 2,2,Chapter One: The Slums,56,Kain,Kain,speech,dialogue,none,,5,87e986590c18
Blood Omen 2,2,Chapter One: The Slums,57,Umah,Umah,speech,dialogue,constraint,0.7127,23,4a248332e459
Blood Omen 2,2,Chapter One: The Slums,58,Kain,Kain,speech,dialogue,explicit_paren,,4,2f4557b77667
Blood Omen 2,2,Chapter One: The Slums,59,Kain,Kain,speech,narration,explicit_paren,,14,caea58afbdef
Blood Omen 2,2,Chapter One: The Slums,60,Umah,Umah,speech,dialogue,model,0.1017,31,084b2658bd4f
Blood Omen 2,2,Chapter One: The Slums,61,,,action,,,,15,f2cabf48d77a
Blood Omen 2,2,Chapter One: The Slums,62,Umah,Umah,speech,dialogue,constraint,0.8125,28,6e48497b3aa3
Blood Omen 2,2,Chapter One: The Slums,63,Kain,Kain,speech,dialogue,none,,9,43f42f532882
Blood Omen 2,2,Chapter One: The Slums,64,Umah,Umah,speech,dialogue,model,0.1482,39,b0865f6ec31e
Blood Omen 2,2,Chapter One: The Slums,65,Kain,Kain,speech,dialogue,none,,8,cf579f2f9061
Blood Omen 2,2,Chapter One: The Slums,66,Umah,Umah,speech,dialogue,model,0.1753,41,845036c92775
Blood Omen 2,2,Chapter One: The Slums,67,,,action,,,,12,ed840a463f21
Blood Omen 2,2,Chapter One: The Slums,68,Umah,Umah,speech,dialogue,model,0.1883,46,4c11135fc606
Blood Omen 2,2,Chapter One: The Slums,69,,,action,,,,5,9010c76b961f
Blood Omen 2,2,Chapter One: The Slums,70,Kain,Kain,speech,narration,explicit_paren,,11,fe0a3eaff8d6
Blood Omen 2,2,Chapter One: The Slums,71,,,action,,,,12,cf51bb5ea197
Blood Omen 2,2,Chapter One: The Slums,72,Kain,Kain,speech,dialogue,none,,5,7a7efe1d9845
Blood Omen 2,2,Chapter One: The Slums,73,,,action,,,,12,336d938b7479
Blood Omen 2,2,Chapter One: The Slums,74,Kain,Kain,speech,dialogue,none,,1,c53c562dab4b
Blood Omen 2,2,Chapter One: The Slums,75,Umah,Umah,speech,dialogue,model,0.0970,30,a65ea798f0d0
Blood Omen 2,2,Chapter One: The Slums,76,Kain,Kain,speech,dialogue,none,,11,194d36501cf2
Blood Omen 2,2,Chapter One: The Slums,77,Umah,Umah,speech,dialogue,model,0.1701,7,84bc15d85e74
Blood Omen 2,2,Chapter One: The Slums,78,,,action,,,,12,ae7c22eb5156
Blood Omen 2,2,Chapter One: The Slums,79,Umah,Umah,speech,dialogue,model,0.0031,5,4076468cd639
Blood Omen 2,2,Chapter One: The Slums,80,,,action,,,,4,5854e8f43c85
Blood Omen 2,2,Chapter One: The Slums,81,Kain,Kain,speech,dialogue,none,,2,5bf3c42a03ee
Blood Omen 2,2,Chapter One: The Slums,82,Umah,Umah,speech,dialogue,constraint,,84,212823cbcc17
Blood Omen 2,2,Chapter One: The Slums,83,,,action,,,,15,303af4a56d2b
Blood Omen 2,2,Chapter One: The Slums,84,Umah,Umah,speech,dialogue,constraint,,77,02f6cbbe8b34
Blood Omen 2,2,Chapter One: The Slums,85,,,action,,,,12,d52dd9945205
Blood Omen 2,2,Chapter One: The Slums,86,Umah,Umah,speech,dialogue,model,0.1586,39,fed60b9d1946
Blood Omen 2,2,Chapter One: The Slums,87,,,action,,,,7,17f308ac4ef0
Blood Omen 2,2,Chapter One: The Slums,88,Kain,Kain,speech,dialogue,none,,5,4750ece8a536
Blood Omen 2,2,Chapter One: The Slums,89,Umah,Umah,speech,dialogue,model,0.1164,34,80a516edada7
Blood Omen 2,2,Chapter One: The Slums,90,,,action,,,,9,bd4cf3f0f58d
Blood Omen 2,2,Chapter One: The Slums,91,Umah,Umah,speech,dialogue,constraint,,73,8a1b72c2062b
Blood Omen 2,2,Chapter One: The Slums,92,,,action,,,,6,99679606fafe
Blood Omen 2,2,Chapter One: The Slums,93,Umah,Umah,speech,dialogue,model,0.0460,22,0e5d0081e2f3
Blood Omen 2,2,Chapter One: The Slums,94,,,action,,,,6,68d777f549fb
Blood Omen 2,2,Chapter One: The Slums,95,Umah,Umah,speech,dialogue,model,0.0636,22,6cec976a874f
Blood Omen 2,2,Chapter One: The Slums,96,,,action,,,,9,3b296d0ded39
Blood Omen 2,2,Chapter One: The Slums,97,Umah,Umah,speech,dialogue,model,0.0309,19,d23035beb243
Blood Omen 2,2,Chapter One: The Slums,98,,,action,,,,14,5f3b6c267660
Blood Omen 2,2,Chapter One: The Slums,99,Umah,Umah,speech,dialogue,model,0.0169,13,5af35878a9a2
Blood Omen 2,2,Chapter One: The Slums,100,,,action,,,,11,f10237ec82b3
Blood Omen 2,2,Chapter One: The Slums,101,,,action,,,,14,ddf1549b2714
Blood Omen 2,2,Chapter One: The Slums,102,,,action,,,,10,8b9f7b8ab485
Blood Omen 2,2,Chapter One: The Slums,103,,,action,,,,14,de7500b9d737
Blood Omen 2,2,Chapter One: The Slums,104,Kain,Kain,speech,dialogue,none,,6,f0c130d19492
Blood Omen 2,2,Chapter One: The Slums,105,,,action,,,,12,45f7f4827a45
Blood Omen 2,2,Chapter One: The Slums,106,,,action,,,,13,4297fa97fee0
Blood Omen 2,2,Chapter One: The Slums,107,,,action,,,,5,87623a1c5a1f
Blood Omen 2,2,Chapter One: The Slums,108,Umah,Umah,speech,dialogue,constraint,,98,3a5718fd0ffe
Blood Omen 2,2,Chapter One: The Slums,109,Kain,Kain,speech,dialogue,none,,4,4a587acda027
Blood Omen 2,2,Chapter One: The Slums,110,Umah,Umah,speech,dialogue,model,0.0319,18,4e9d3cbee16d
Blood Omen 2,2,Chapter One: The Slums,111,Kain,Kain,speech,dialogue,none,,11,783a77b820ce
Blood Omen 2,2,Chapter One: The Slums,112,Umah,Umah,speech,dialogue,model,0.1889,7,4ab53b18ea03
Blood Omen 2,2,Chapter One: The Slums,113,,,action,,,,13,9cb90be7cb85
Blood Omen 2,2,Chapter One: The Slums,114,Umah,Umah,speech,dialogue,model,0.1267,5,27abd49b645b
Blood Omen 2,2,Chapter One: The Slums,115,Kain,Kain,speech,dialogue,none,,4,e914cf22ff8f
Blood Omen 2,2,Chapter One: The Slums,116,Umah,Umah,speech,dialogue,model,0.0306,19,52bd082f0594
Blood Omen 2,2,Chapter One: The Slums,117,Kain,Kain,speech,narration,explicit_paren,,20,f711fa946757
Blood Omen 2,2,Chapter One: The Slums,118,Umah,Umah,speech,dialogue,model,0.0686,3,79cafbca601e
Blood Omen 2,2,Chapter One: The Slums,119,,,action,,,,11,02a22dc2d41c
Blood Omen 2,2,Chapter One: The Slums,120,Sarafan Guard 1,Sarafan Guard 1,speech,dialogue,model,0.1316,5,6ef749d17313
Blood Omen 2,2,Chapter One: The Slums,121,,,action,,,,15,150e41739b88
Blood Omen 2,2,Chapter One: The Slums,122,Umah,Umah,speech,dialogue,model,0.0297,18,a4d3e1b8b503
Blood Omen 2,2,Chapter One: The Slums,123,Sarafan Guard,Sarafan Guard,speech,dialogue,model,0.0555,3,87f692c00b20
Blood Omen 2,2,Chapter One: The Slums,124,,,action,,,,13,bc706212b178
Blood Omen 2,2,Chapter One: The Slums,125,Umah,Umah,speech,dialogue,model,0.0416,21,04d4bd0c2791
Blood Omen 2,2,Chapter One: The Slums,126,,,action,,,,10,30a5caa0f631
Blood Omen 2,2,Chapter One: The Slums,127,Sarafan Guard,Sarafan Guard,speech,dialogue,model,0.0906,4,638e8ef22ac8
Blood Omen 2,2,Chapter One: The Slums,128,,,action,,,,10,07779f897be6
Blood Omen 2,2,Chapter One: The Slums,129,Umah,Umah,speech,dialogue,model,0.0082,12,37c3fd4cd211
Blood Omen 2,2,Chapter One: The Slums,130,,,action,,,,8,380235e21eaf
Blood Omen 2,2,Chapter One: The Slums,131,Sarafan Guard,Sarafan Guard,speech,dialogue,model,0.0278,2,21851a75f67f
Blood Omen 2,2,Chapter One: The Slums,132,,,action,,,,12,9d0ada89f11a
Blood Omen 2,2,Chapter One: The Slums,133,Kain,Kain,speech,narration,explicit_paren,,52,e2c26bd95654
Blood Omen 2,2,Chapter One: The Slums,134,,,action,,,,15,849c7c5f9ece
Blood Omen 2,2,Chapter One: The Slums,135,Kain,Kain,speech,dialogue,none,,7,f8e7c3247f00
Blood Omen 2,2,Chapter One: The Slums,136,Peasant,Peasant,speech,dialogue,model,0.0037,7,01a0103e2402
Blood Omen 2,2,Chapter One: The Slums,137,Kain,Kain,speech,dialogue,none,,13,d0d36a3e777a
Blood Omen 2,2,Chapter One: The Slums,138,Peasant,Peasant,speech,dialogue,model,0.0518,26,1176accf901b
Blood Omen 2,2,Chapter One: The Slums,139,,,action,,,,14,07b4f052783c
Blood Omen 2,2,Chapter One: The Slums,140,Kain,Kain,speech,dialogue,none,,8,75578e194430
Blood Omen 2,2,Chapter One: The Slums,141,Peasant,Peasant,speech,dialogue,model,0.0797,30,e7f93503e9f0
Blood Omen 2,2,Chapter One: The Slums,142,Kain,Kain,speech,dialogue,none,,4,a63f7f90ff75
Blood Omen 2,2,Chapter One: The Slums,143,,,action,,,,13,c05119b3b924
Blood Omen 2,2,Chapter One: The Slums,144,Peasant,Peasant,speech,dialogue,model,0.0847,24,fb351f56d99a
Blood Omen 2,2,Chapter One: The Slums,145,Kain,Kain,speech,dialogue,none,,10,9cd09d92c0f7
Blood Omen 2,2,Chapter One: The Slums,146,,,action,,,,11,fa07dcf4075d
Blood Omen 2,3,Chapter 2: The Den,147,,,action,,,,9,238d93322ba7
Blood Omen 2,3,Chapter 2: The Den,148,,,action,,,,5,01e4c1093929
Blood Omen 2,3,Chapter 2: The Den,149,Kain,Kain,speech,dialogue,none,,4,d9828d775d67
Blood Omen 2,3,Chapter 2: The Den,150,Umah,Umah,speech,dialogue,constraint,,78,dae3d8d7231a
Blood Omen 2,3,Chapter 2: The Den,151,Kain,Kain,speech,dialogue,none,,15,d1807b328fbf
Blood Omen 2,3,Chapter 2: The Den,152,Umah,Umah,speech,dialogue,model,0.1138,36,c4de72d925f1
Blood Omen 2,3,Chapter 2: The Den,153,Kain,Kain,speech,dialogue,none,,6,55eb8820add8
Blood Omen 2,3,Chapter 2: The Den,154,Umah,Umah,speech,dialogue,model,0.0136,13,1db847bdea39
Blood Omen 2,3,Chapter 2: The Den,155,,,action,,,,14,ec69e1e9d97c
Blood Omen 2,3,Chapter 2: The Den,156,Peasant,Peasant,speech,dialogue,model,0.0077,8,aad593ccc6bb
Blood Omen 2,3,Chapter 2: The Den,157,Kain,Kain,speech,dialogue,none,,3,9240c023fe86
Blood Omen 2,3,Chapter 2: The Den,158,Peasant,Peasant,speech,dialogue,model,0.0981,29,82dc099befca
Blood Omen 2,3,Chapter 2: The Den,159,Kain,Kain,speech,dialogue,none,,6,86874f640046
Blood Omen 2,3,Chapter 2: The Den,160,Peasant,Peasant,speech,dialogue,model,0.1740,45,70ad280b474e
Blood Omen 2,3,Chapter 2: The Den,161,Kain,Kain,speech,dialogue,none,,5,ca1d8aacbeb4
Blood Omen 2,3,Chapter 2: The Den,162,Peasant,Peasant,speech,dialogue,model,0.1290,34,cacb9cb13973
Blood Omen 2,3,Chapter 2: The Den,163,Kain,Kain,speech,dialogue,none,,5,91091eac59fb
Blood Omen 2,3,Chapter 2: The Den,164,,,action,,,,10,1f17d1df7937
Blood Omen 2,3,Chapter 2: The Den,165,Bartender,Bartender,speech,dialogue,model,0.2693,9,c95aa06678fc
Blood Omen 2,3,Chapter 2: The Den,166,,,action,,,,12,2daa95a3f8ba
Blood Omen 2,3,Chapter 2: The Den,167,Faustus,Faustus,speech,dialogue,model,0.0369,19,a63c98739b98
Blood Omen 2,3,Chapter 2: The Den,168,Kain,Kain,speech,narration,explicit_paren,,22,83ddfd749e69
Blood Omen 2,3,Chapter 2: The Den,169,Kain,Kain,speech,dialogue,explicit_paren,,15,b396f81bd1d0
Blood Omen 2,3,Chapter 2: The Den,170,Faustus,Faustus,speech,dialogue,constraint,0.8561,38,a7612e0d26ad
Blood Omen 2,3,Chapter 2: The Den,171,Kain,Kain,speech,dialogue,none,,21,d9d64fc591bd
Blood Omen 2,3,Chapter 2: The Den,172,Faustus,Faustus,speech,dialogue,model,0.0409,19,253e604265f1
Blood Omen 2,3,Chapter 2: The Den,173,Kain,Kain,speech,dialogue,none,,11,3b144d06ca0e
Blood Omen 2,3,Chapter 2: The Den,174,Faustus,Faustus,speech,dialogue,model,0.0341,19,736ef09b29dd
Blood Omen 2,3,Chapter 2: The Den,175,Kain,Kain,speech,dialogue,none,,17,dd8f7367c590
Blood Omen 2,3,Chapter 2: The Den,176,,,action,,,,7,b5b966ee1f91
Blood Omen 2,3,Chapter 2: The Den,177,Faustus,Faustus,speech,dialogue,model,0.0040,7,ffb30db9e539
Blood Omen 2,3,Chapter 2: The Den,178,,,action,,,,10,dbe9b2fea6e9
Blood Omen 2,4,Chapter 3: The Lower City,179,,,action,,,,12,4b992bc433e6
Blood Omen 2,4,Chapter 3: The Lower City,180,Umah,Umah,speech,dialogue,model,0.0540,22,d1397542a3b9
Blood Omen 2,4,Chapter 3: The Lower City,181,Kain,Kain,speech,dialogue,none,,14,4d38fd268cab
Blood Omen 2,4,Chapter 3: The Lower City,182,Umah,Umah,speech,dialogue,model,0.0748,31,2665f0f6e352
Blood Omen 2,4,Chapter 3: The Lower City,183,,,action,,,,10,633c389d7312
Blood Omen 2,4,Chapter 3: The Lower City,184,Kain,Kain,speech,dialogue,none,,13,5b76184b7487
Blood Omen 2,4,Chapter 3: The Lower City,185,Umah,Umah,speech,dialogue,model,0.1846,48,60e1cb7d6486
Blood Omen 2,4,Chapter 3: The Lower City,186,,,action,,,,8,bccf733be916
Blood Omen 2,4,Chapter 3: The Lower City,187,Kain,Kain,speech,dialogue,none,,9,b25d224f40d1
Blood Omen 2,4,Chapter 3: The Lower City,188,Umah,Umah,speech,dialogue,model,0.0192,16,346d5f74e1f0
Blood Omen 2,4,Chapter 3: The Lower City,189,Kain,Kain,speech,dialogue,none,,8,641fd88ebd8e
Blood Omen 2,4,Chapter 3: The Lower City,190,Umah,Umah,speech,dialogue,model,0.0262,17,c5ac7f2fb2f4
Blood Omen 2,4,Chapter 3: The Lower City,191,Kain,Kain,speech,dialogue,none,,5,1bf508979c5c
Blood Omen 2,4,Chapter 3: The Lower City,192,Umah,Umah,speech,dialogue,model,0.0273,17,11a299a3b461
Blood Omen 2,4,Chapter 3: The Lower City,193,,,action,,,,5,49ebd229f0dc
Blood Omen 2,4,Chapter 3: The Lower City,194,Kain,Kain,speech,narration,explicit_paren,,23,fdd93a1fc9d3
Blood Omen 2,4,Chapter 3: The Lower City,195,Umah,Umah,speech,dialogue,model,0.0478,20,fe5a2b34c58a
Blood Omen 2,4,Chapter 3: The Lower City,196,,,action,,,,12,62e192a56ecf
Blood Omen 2,4,Chapter 3: The Lower City,197,Peasant,Peasant,speech,dialogue,constraint,,10,8a8c664db798
Blood Omen 2,4,Chapter 3: The Lower City,198,Kain,Kain,speech,dialogue,none,,5,2c184e712b58
Blood Omen 2,4,Chapter 3: The Lower City,199,Peasant,Peasant,speech,dialogue,model,0.0046,8,0f76da1b4953
Blood Omen 2,4,Chapter 3: The Lower City,200,Kain,Kain,speech,dialogue,none,,5,438485e65dfe
Blood Omen 2,4,Chapter 3: The Lower City,201,Peasant,Peasant,speech,dialogue,model,0.2190,7,b0586186cd47
Blood Omen 2,4,Chapter 3: The Lower City,202,Kain,Kain,speech,dialogue,none,,5,966d76b77373
Blood Omen 2,4,Chapter 3: The Lower City,203,,,action,,,,10,b23b898c146d
Blood Omen 2,4,Chapter 3: The Lower City,204,Tapster,Tapster,speech,dialogue,model,0.0014,5,a4b533271bf8
Blood Omen 2,4,Chapter 3: The Lower City,205,Kain,Kain,speech,dialogue,none,,13,434277585b98
Blood Omen 2,4,Chapter 3: The Lower City,206,Tapster,Tapster,speech,dialogue,model,0.2655,7,04fb285afdf7
Blood Omen 2,4,Chapter 3: The Lower City,207,Kain,Kain,speech,dialogue,none,,5,1590ad556124
Blood Omen 2,4,Chapter 3: The Lower City,208,Tapster,Tapster,speech,dialogue,model,0.2453,47,44b382bbf3b2
Blood Omen 2,4,Chapter 3: The Lower City,209,Kain,Kain,speech,dialogue,none,,5,3a8e4932e82f
Blood Omen 2,4,Chapter 3: The Lower City,210,Tapster,Tapster,speech,dialogue,model,0.0550,22,7201abe28b2d
Blood Omen 2,4,Chapter 3: The Lower City,211,,,action,,,,12,c129751ac7a7
Blood Omen 2,4,Chapter 3: The Lower City,212,Duncan,Duncan,speech,dialogue,model,0.0056,6,d80330901071
Blood Omen 2,4,Chapter 3: The Lower City,213,Kain,Kain,speech,dialogue,none,,9,88e027d43051
Blood Omen 2,4,Chapter 3: The Lower City,214,,,action,,,,14,67ed1d97349d
Blood Omen 2,4,Chapter 3: The Lower City,215,Kain,Kain,speech,dialogue,none,,4,82203c9247af
Blood Omen 2,4,Chapter 3: The Lower City,216,Messenger,Messenger,speech,dialogue,model,0.0014,5,a286d62d4f92
Blood Omen 2,4,Chapter 3: The Lower City,217,Kain,Kain,speech,dialogue,none,,11,0e6ad3328b2a
Blood Omen 2,4,Chapter 3: The Lower City,218,Messenger,Messenger,speech,dialogue,model,0.0050,8,58a2ea3702ba
Blood Omen 2,4,Chapter 3: The Lower City,219,Kain,Kain,speech,dialogue,none,,4,e94a32023631
Blood Omen 2,4,Chapter 3: The Lower City,220,Messenger,Messenger,speech,dialogue,model,0.0037,7,ef52398915f3
Blood Omen 2,4,Chapter 3: The Lower City,221,Kain,Kain,speech,dialogue,none,,1,1919e7be217e
Blood Omen 2,4,Chapter 3: The Lower City,222,Messenger,Messenger,speech,dialogue,constraint,,83,77e641a58a47
Blood Omen 2,4,Chapter 3: The Lower City,223,Kain,Kain,speech,dialogue,none,,2,90030502117b
Blood Omen 2,4,Chapter 3: The Lower City,224,,,action,,,,8,04202c2469e1
Blood Omen 2,4,Chapter 3: The Lower City,225,Gateman,Gateman,speech,dialogue,model,0.0043,1,5931eee4e48b
Blood Omen 2,4,Chapter 3: The Lower City,226,Kain,Kain,speech,dialogue,none,,2,280575c42ad2
Blood Omen 2,4,Chapter 3: The Lower City,227,Gateman,Gateman,speech,dialogue,model,0.0386,2,7218e2f3105a
Blood Omen 2,4,Chapter 3: The Lower City,228,,,action,,,,12,b8bbb09a7b98
Blood Omen 2,4,Chapter 3: The Lower City,229,Glyph Guard,Glyph Guard,speech,dialogue,constraint,,11,006e74bc4768
Blood Omen 2,4,Chapter 3: The Lower City,230,,,action,,,,13,55becd51ad16
Blood Omen 2,4,Chapter 3: The Lower City,231,Sebastian,Sebastian,speech,dialogue,model,0.2855,10,9a89c6b4f732
Blood Omen 2,4,Chapter 3: The Lower City,232,Kain,Kain,speech,dialogue,none,,8,c4087cf5657c
Blood Omen 2,4,Chapter 3: The Lower City,233,Sebastian,Sebastian,speech,dialogue,constraint,,15,3ef25edc18b8
Blood Omen 2,4,Chapter 3: The Lower City,234,Kain,Kain,speech,dialogue,none,,6,4fb5a5d4a0a8
Blood Omen 2,4,Chapter 3: The Lower City,235,Sebastian,Sebastian,speech,dialogue,model,0.0317,17,83ac8dac603f
Blood Omen 2,4,Chapter 3: The Lower City,236,Kain,Kain,speech,dialogue,none,,1,73a827f8eb9f
Blood Omen 2,4,Chapter 3: The Lower City,237,,,action,,,,10,c3dc4b32293a
Blood Omen 2,4,Chapter 3: The Lower City,238,Sebastian,Sebastian,speech,dialogue,model,0.0161,13,904b4eaebf48
Blood Omen 2,4,Chapter 3: The Lower City,239,Kain,Kain,speech,dialogue,none,,13,107c915728a5
Blood Omen 2,4,Chapter 3: The Lower City,240,Sebastian,Sebastian,speech,dialogue,model,0.0135,11,7429e8997335
Blood Omen 2,4,Chapter 3: The Lower City,241,Kain,Kain,speech,dialogue,none,,5,66bc6ab84918
Blood Omen 2,4,Chapter 3: The Lower City,242,Sebastian,Sebastian,speech,dialogue,model,0.0868,32,78c178876c2b
Blood Omen 2,4,Chapter 3: The Lower City,243,,,action,,,,11,e3134802a574
Blood Omen 2,4,Chapter 3: The Lower City,244,Kain,Kain,speech,narration,explicit_paren,,26,03c7c369d0ae
Blood Omen 2,4,Chapter 3: The Lower City,245,Kain,Kain,speech,dialogue,explicit_paren,,16,a3adbb464fa1
Blood Omen 2,4,Chapter 3: The Lower City,246,Vorador,Vorador,speech,dialogue,model,0.0391,20,ce64e556c3fd
Blood Omen 2,4,Chapter 3: The Lower City,247,,,action,,,,12,b26289c15e66
Blood Omen 2,4,Chapter 3: The Lower City,248,Kain,Kain,speech,dialogue,none,,17,13444e6dc69f
Blood Omen 2,4,Chapter 3: The Lower City,249,Vorador,Vorador,speech,dialogue,constraint,0.7697,26,355b0f6964bc
Blood Omen 2,4,Chapter 3: The Lower City,250,Kain,Kain,speech,dialogue,none,,31,2731054305ff
Blood Omen 2,4,Chapter 3: The Lower City,251,Vorador,Vorador,speech,dialogue,model,0.0962,4,5a66fe704bfd
Blood Omen 2,4,Chapter 3: The Lower City,252,Kain,Kain,speech,dialogue,none,,10,d0281eda8ff9
Blood Omen 2,4,Chapter 3: The Lower City,253,Vorador,Vorador,speech,dialogue,model,0.1994,51,9be1b348c31b
Blood Omen 2,4,Chapter 3: The Lower City,254,,,action,,,,6,d52b8c80f07f
Blood Omen 2,4,Chapter 3: The Lower City,255,Vampire,Vampire,speech,dialogue,model,0.0086,1,4983ec1e4a72
Blood Omen 2,4,Chapter 3: The Lower City,256,Vorador,Vorador,speech,dialogue,model,0.0219,3,89511a76c8cb
Blood Omen 2,4,Chapter 3: The Lower City,257,Vampire,Vampire,speech,dialogue,model,0.2909,11,ff298f2c373b
Blood Omen 2,4,Chapter 3: The Lower City,258,Vorador,Vorador,speech,dialogue,model,0.0142,2,d3b0b27c2c84
Blood Omen 2,4,Chapter 3: The Lower City,259,Vampire,Vampire,speech,dialogue,model,0.1329,27,694a8ef44965
Blood Omen 2,4,Chapter 3: The Lower City,260,Vorador,Vorador,speech,dialogue,model,0.1021,3,d8dd615d6f0b
Blood Omen 2,4,Chapter 3: The Lower City,261,Vampire,Vampire,speech,dialogue,constraint,0.9315,45,f14f481463de
Blood Omen 2,4,Chapter 3: The Lower City,262,Vorador,Vorador,speech,dialogue,model,0.0086,1,1d59aef12a4c
Blood Omen 2,4,Chapter 3: The Lower City,263,Vampire,Vampire,speech,dialogue,constraint,0.6527,15,dc8a3a9ba5f2
Blood Omen 2,4,Chapter 3: The Lower City,264,,,action,,,,6,7bfbc6a431ce
Blood Omen 2,4,Chapter 3: The Lower City,265,Kain,Kain,speech,dialogue,none,,4,14c28cd913dd
Blood Omen 2,4,Chapter 3: The Lower City,266,Vorador,Vorador,speech,dialogue,model,0.2716,7,2c88c5f375e3
Blood Omen 2,4,Chapter 3: The Lower City,267,Kain,Kain,speech,dialogue,none,,10,0178ccddaa23
Blood Omen 2,4,Chapter 3: The Lower City,268,Vorador,Vorador,speech,dialogue,model,0.1426,39,8e213e9baea5
Blood Omen 2,4,Chapter 3: The Lower City,269,Kain,Kain,speech,dialogue,none,,5,42132194ea58
Blood Omen 2,4,Chapter 3: The Lower City,270,Vorador,Vorador,speech,dialogue,model,0.2081,50,b73eb43a4557
Blood Omen 2,4,Chapter 3: The Lower City,271,Kain,Kain,speech,dialogue,none,,9,b533182eef90
Blood Omen 2,4,Chapter 3: The Lower City,272,Vorador,Vorador,speech,dialogue,model,0.0707,27,002c90a2950e
Blood Omen 2,5,Chapter 4: The Upper City,273,,,action,,,,14,bc5cb51892b3
Blood Omen 2,5,Chapter 4: The Upper City,274,Marcus,Marcus,speech,dialogue,model,0.1479,5,d176ed608ff7
Blood Omen 2,5,Chapter 4: The Upper City,275,Kain,Kain,speech,dialogue,none,,4,c4119e51dffc
Blood Omen 2,5,Chapter 4: The Upper City,276,Marcus,Marcus,speech,dialogue,constraint,,10,79cf5bce0fa3
Blood Omen 2,5,Chapter 4: The Upper City,277,Kain,Kain,speech,dialogue,none,,15,e03c08055075
Blood Omen 2,5,Chapter 4: The Upper City,278,Marcus,Marcus,speech,dialogue,model,0.0042,5,54bcad62db5d
Blood Omen 2,5,Chapter 4: The Upper City,279,Kain,Kain,speech,dialogue,none,,5,da95529de595
Blood Omen 2,5,Chapter 4: The Upper City,280,Marcus,Marcus,speech,dialogue,model,0.1138,30,0294c9560623
Blood Omen 2,5,Chapter 4: The Upper City,281,Kain,Kain,speech,dialogue,none,,4,f41218c16b05
Blood Omen 2,5,Chapter 4: The Upper City,282,Marcus,Marcus,speech,dialogue,model,0.0889,23,931954bd6ec9
Blood Omen 2,5,Chapter 4: The Upper City,283,,,action,,,,6,dbd8d82e0e9b
Blood Omen 2,5,Chapter 4: The Upper City,284,Marcus,Marcus,speech,dialogue,constraint,0.8039,22,f2f6d6a80fbc
Blood Omen 2,5,Chapter 4: The Upper City,285,Kain,Kain,speech,dialogue,none,,29,737a55112b4e
Blood Omen 2,5,Chapter 4: The Upper City,286,Marcus,Marcus,speech,dialogue,model,0.3247,67,2240cbf3a68b
Blood Omen 2,5,Chapter 4: The Upper City,287,,,action,,,,12,37b392edcdf7
Blood Omen 2,5,Chapter 4: The Upper City,288,Marcus,Marcus,speech,dialogue,model,0.0101,2,d650ad06aeee
Blood Omen 2,5,Chapter 4: The Upper City,289,Kain,Kain,speech,dialogue,none,,29,a775c44797be
Blood Omen 2,5,Chapter 4: The Upper City,290,Marcus,Marcus,speech,dialogue,model,0.0737,28,b30b7ad98572
Blood Omen 2,5,Chapter 4: The Upper City,291,Kain,Kain,speech,dialogue,none,,3,174be00b85b0
Blood Omen 2,5,Chapter 4: The Upper City,292,Marcus,Marcus,speech,dialogue,model,0.0485,24,86d2c64e29a0
Blood Omen 2,5,Chapter 4: The Upper City,293,Kain,Kain,speech,dialogue,none,,6,7db859f3effb
Blood Omen 2,5,Chapter 4: The Upper City,294,,,action,,,,14,0aba84d3c7f5
Blood Omen 2,5,Chapter 4: The Upper City,295,Marcus,Marcus,speech,dialogue,model,0.0177,14,074c82510025
Blood Omen 2,5,Chapter 4: The Upper City,296,Sarafan Guard,Sarafan Guard,speech,dialogue,constraint,,12,014cdbcd550d
Blood Omen 2,5,Chapter 4: The Upper City,297,Marcus,Marcus,speech,dialogue,model,0.0163,14,3932871bfeb4
Blood Omen 2,5,Chapter 4: The Upper City,298,Sarafan Guard,Sarafan Guard,speech,dialogue,constraint,,11,b0982d04c5df
Blood Omen 2,5,Chapter 4: The Upper City,299,Marcus,Marcus,speech,dialogue,model,0.0041,7,e82f883e78cc
Blood Omen 2,5,Chapter 4: The Upper City,300,Sarafan Guard,Sarafan Guard,speech,dialogue,model,0.0517,4,340806c8fb97
Blood Omen 2,5,Chapter 4: The Upper City,301,,,action,,,,12,7b189a0e8cfe
Blood Omen 2,5,Chapter 4: The Upper City,302,,,action,,,,12,f9aa0926da8e
Blood Omen 2,5,Chapter 4: The Upper City,303,,,action,,,,12,f12a12a4498b
Blood Omen 2,5,Chapter 4: The Upper City,304,Vorador,Vorador,speech,dialogue,model,0.0512,24,6e4747b485cd
Blood Omen 2,5,Chapter 4: The Upper City,305,,,action,,,,11,63bbed4dbb64
Blood Omen 2,5,Chapter 4: The Upper City,306,,,action,,,,11,24166a164c3a
Blood Omen 2,5,Chapter 4: The Upper City,307,,,action,,,,13,ac48a7f5be76
Blood Omen 2,5,Chapter 4: The Upper City,308,Sarafan Guard,Sarafan Guard,speech,dialogue,constraint,,12,014cdbcd550d
Blood Omen 2,5,Chapter 4: The Upper City,309,Marcus,Marcus,speech,dialogue,model,0.0041,7,e82f883e78cc
Blood Omen 2,5,Chapter 4: The Upper City,310,,,action,,,,13,cf2c19e0e6e3
Blood Omen 2,5,Chapter 4: The Upper City,311,Kain,Kain,speech,dialogue,none,,9,9d27829e2fe4
Blood Omen 2,5,Chapter 4: The Upper City,312,Butler,Butler,speech,dialogue,model,0.0909,29,652ca9d0c1e5
Blood Omen 2,5,Chapter 4: The Upper City,313,Kain,Kain,speech,dialogue,none,,3,febc8dd933ba
Blood Omen 2,5,Chapter 4: The Upper City,314,Butler,Butler,speech,dialogue,model,0.0706,29,998e9f125d7f
Blood Omen 2,5,Chapter 4: The Upper City,315,Kain,Kain,speech,dialogue,none,,10,249094bf632a
Blood Omen 2,5,Chapter 4: The Upper City,316,Butler,Butler,speech,dialogue,model,0.1369,7,436fcb9d11b7
Blood Omen 2,5,Chapter 4: The Upper City,317,Kain,Kain,speech,dialogue,none,,35,47261717fb7b
Blood Omen 2,5,Chapter 4: The Upper City,318,Butler,Butler,speech,dialogue,constraint,,11,856493e560db
Blood Omen 2,5,Chapter 4: The Upper City,319,Kain,Kain,speech,dialogue,none,,11,cac8bf820b7a
Blood Omen 2,5,Chapter 4: The Upper City,320,Butler,Butler,speech,dialogue,model,0.0232,16,0cb28f2690ba
Blood Omen 2,5,Chapter 4: The Upper City,321,Kain,Kain,speech,dialogue,none,,8,79b3cecd46db
Blood Omen 2,5,Chapter 4: The Upper City,322,Butler,Butler,speech,dialogue,model,0.0442,22,5a73c5d1a27e
Blood Omen 2,5,Chapter 4: The Upper City,323,Kain,Kain,speech,dialogue,none,,5,557f09104e30
Blood Omen 2,5,Chapter 4: The Upper City,324,,,action,,,,12,f8e030e092bc
Blood Omen 2,5,Chapter 4: The Upper City,325,Kain,Kain,speech,dialogue,none,,12,689cd459fa9e
Blood Omen 2,5,Chapter 4: The Upper City,326,,,action,,,,1,9d7f23e03f40
Blood Omen 2,5,Chapter 4: The Upper City,327,Kain,Kain,speech,dialogue,none,,22,fb44b034bcb2
Blood Omen 2,5,Chapter 4: The Upper City,328,,,action,,,,1,200be7bf688c
Blood Omen 2,5,Chapter 4: The Upper City,329,Kain,Kain,speech,dialogue,none,,4,c9e8698dc9ad
Blood Omen 2,5,Chapter 4: The Upper City,330,,,action,,,,6,64462551edce
Blood Omen 2,5,Chapter 4: The Upper City,331,Marcus,Marcus,speech,dialogue,model,0.1715,6,efe205c45071
Blood Omen 2,5,Chapter 4: The Upper City,332,Kain,Kain,speech,dialogue,none,,1,cad969b834c2
Blood Omen 2,5,Chapter 4: The Upper City,333,Marcus,Marcus,speech,dialogue,model,0.0091,11,d594f6d890f4
Blood Omen 2,5,Chapter 4: The Upper City,334,Kain,Kain,speech,dialogue,none,,8,f177a915a13e
Blood Omen 2,5,Chapter 4: The Upper City,335,Marcus,Marcus,speech,dialogue,model,0.0195,15,a10826c60353
Blood Omen 2,5,Chapter 4: The Upper City,336,Kain,Kain,speech,dialogue,none,,31,cfc3151fb160
Blood Omen 2,5,Chapter 4: The Upper City,337,,,action,,,,3,b17ddeaf62fc
Blood Omen 2,5,Chapter 4: The Upper City,338,Kain,Kain,speech,dialogue,none,,23,5aa86ebd8c67
Blood Omen 2,5,Chapter 4: The Upper City,339,,,action,,,,13,6b6aa6205c7e
Blood Omen 2,5,Chapter 4: The Upper City,340,Kain,Kain,speech,dialogue,none,,5,c670ec9e1e73
Blood Omen 2,5,Chapter 4: The Upper City,341,Bishop,Bishop,speech,dialogue,model,0.0243,17,15119580aee2
Blood Omen 2,5,Chapter 4: The Upper City,342,Kain,Kain,speech,dialogue,none,,28,7d30766ca116
Blood Omen 2,5,Chapter 4: The Upper City,343,Bishop,Bishop,speech,dialogue,model,0.0643,28,ad23d1a05bd7
Blood Omen 2,5,Chapter 4: The Upper City,344,,,action,,,,10,e043857e15f6
Blood Omen 2,6,Chapter 5: The Sarafan Keep,345,,,action,,,,12,977edbf8df1d
Blood Omen 2,6,Chapter 5: The Sarafan Keep,346,,,action,,,,12,867b46b3cab3
Blood Omen 2,6,Chapter 5: The Sarafan Keep,347,Vorador,Vorador,speech,dialogue,constraint,,15,e5897f7334ef
Blood Omen 2,6,Chapter 5: The Sarafan Keep,348,Kain,Kain,speech,dialogue,none,,2,a30480700a8f
Blood Omen 2,6,Chapter 5: The Sarafan Keep,349,Vorador,Vorador,speech,dialogue,constraint,,16,6e861463efb8
Blood Omen 2,6,Chapter 5: The Sarafan Keep,350,Kain,Kain,speech,dialogue,none,,5,4919c718a385
Blood Omen 2,6,Chapter 5: The Sarafan Keep,351,Vorador,Vorador,speech,dialogue,model,0.0561,23,190a0f9ed367
Blood Omen 2,6,Chapter 5: The Sarafan Keep,352,Kain,Kain,speech,dialogue,none,,8,ffd7b3451c99
Blood Omen 2,6,Chapter 5: The Sarafan Keep,353,Vorador,Vorador,speech,dialogue,model,0.0819,30,5902e598b075
Blood Omen 2,6,Chapter 5: The Sarafan Keep,354,Kain,Kain,speech,dialogue,none,,8,aaa27ac9ed68
Blood Omen 2,6,Chapter 5: The Sarafan Keep,355,Vorador,Vorador,speech,dialogue,model,0.1419,38,90e0a4aafa06
Blood Omen 2,6,Chapter 5: The Sarafan Keep,356,Kain,Kain,speech,narration,explicit_paren,,37,c0e2e81989da
Blood Omen 2,6,Chapter 5: The Sarafan Keep,357,Vorador,Vorador,speech,dialogue,model,0.1568,7,27eb965dd155
Blood Omen 2,6,Chapter 5: The Sarafan Keep,358,,,action,,,,14,c94be0095eab
Blood Omen 2,6,Chapter 5: The Sarafan Keep,359,Woman,Woman,speech,dialogue,model,0.0386,2,2c9faac89019
Blood Omen 2,6,Chapter 5: The Sarafan Keep,360,Kain,Kain,speech,dialogue,none,,11,a4271d4412ca
Blood Omen 2,6,Chapter 5: The Sarafan Keep,361,Woman,Woman,speech,dialogue,model,0.0258,17,930bf22b9ab5
Blood Omen 2,6,Chapter 5: The Sarafan Keep,362,Kain,Kain,speech,dialogue,none,,3,35339a74d29e
Blood Omen 2,6,Chapter 5: The Sarafan Keep,363,Woman,Woman,speech,dialogue,model,0.0181,12,039f50701eb4
Blood Omen 2,6,Chapter 5: The Sarafan Keep,364,Kain,Kain,speech,dialogue,none,,8,3a97d174d7ba
Blood Omen 2,6,Chapter 5: The Sarafan Keep,365,Woman,Woman,speech,dialogue,model,0.0508,20,0f8cbc546914
Blood Omen 2,6,Chapter 5: The Sarafan Keep,366,Kain,Kain,speech,dialogue,none,,5,63a08cfe156b
Blood Omen 2,6,Chapter 5: The Sarafan Keep,367,Woman,Woman,speech,dialogue,constraint,,12,1d93b0555cfe
Blood Omen 2,6,Chapter 5: The Sarafan Keep,368,Kain,Kain,speech,dialogue,none,,2,cdeb05dd9043
Blood Omen 2,6,Chapter 5: The Sarafan Keep,369,Woman,Woman,speech,dialogue,constraint,,16,7a01e6202a23
Blood Omen 2,6,Chapter 5: The Sarafan Keep,370,Kain,Kain,speech,dialogue,none,,15,f80591b97ade
Blood Omen 2,6,Chapter 5: The Sarafan Keep,371,Woman,Woman,speech,dialogue,model,0.0439,22,23cad43116d5
Blood Omen 2,6,Chapter 5: The Sarafan Keep,372,,,action,,,,12,55978baea9e3
Blood Omen 2,6,Chapter 5: The Sarafan Keep,373,Kain,Kain,speech,dialogue,none,,7,826b80df62e8
Blood Omen 2,6,Chapter 5: The Sarafan Keep,374,Woman,Woman,speech,dialogue,model,0.1833,50,9cefee7450f9
Blood Omen 2,6,Chapter 5: The Sarafan Keep,375,Kain,Kain,speech,dialogue,none,,5,5dfed5e2021a
Blood Omen 2,6,Chapter 5: The Sarafan Keep,376,Woman,Woman,speech,dialogue,constraint,,16,c3a006249456
Blood Omen 2,6,Chapter 5: The Sarafan Keep,377,,,action,,,,13,44a4c18d5b00
Blood Omen 2,6,Chapter 5: The Sarafan Keep,378,Glyph Knight,Glyph Knight,speech,dialogue,model,0.0310,15,cbc7f1ccf5e4
Blood Omen 2,6,Chapter 5: The Sarafan Keep,379,Sarafan Guards,Sarafan Guards,speech,dialogue,model,0.0278,2,3d1e272cd2a8
Blood Omen 2,6,Chapter 5: The Sarafan Keep,380,Glyph Knight,Glyph Knight,speech,dialogue,model,0.1715,6,cb5f577bff31
Blood Omen 2,6,Chapter 5: The Sarafan Keep,381,,,action,,,,15,c6784920e9d6
Blood Omen 2,6,Chapter 5: The Sarafan Keep,382,Umah,Umah,speech,dialogue,model,0.0317,17,eaf1a9eb5fe0
Blood Omen 2,6,Chapter 5: The Sarafan Keep,383,Kain,Kain,speech,dialogue,none,,5,0a292ab5e28e
Blood Omen 2,6,Chapter 5: The Sarafan Keep,384,,,action,,,,12,eee9cbdc8bcc
Blood Omen 2,6,Chapter 5: The Sarafan Keep,385,Umah,Umah,speech,dialogue,constraint,,16,9685738921a0
Blood Omen 2,6,Chapter 5: The Sarafan Keep,386,Kain,Kain,speech,dialogue,none,,18,cc959535fdf9
Blood Omen 2,6,Chapter 5: The Sarafan Keep,387,Umah,Umah,speech,dialogue,model,0.0173,14,2d8ffd3230be
Blood Omen 2,6,Chapter 5: The Sarafan Keep,388,Kain,Kain,speech,dialogue,none,,9,f2ace77bd78e
Blood Omen 2,6,Chapter 5: The Sarafan Keep,389,Umah,Umah,speech,dialogue,model,0.1429,6,c29c0d0298f0
Blood Omen 2,6,Chapter 5: The Sarafan Keep,390,Kain,Kain,speech,dialogue,none,,6,94c6d2cabe04
Blood Omen 2,6,Chapter 5: The Sarafan Keep,391,Umah,Umah,speech,dialogue,model,0.0043,6,d9988496cbf8
Blood Omen 2,6,Chapter 5: The Sarafan Keep,392,Kain,Kain,speech,dialogue,none,,6,3f03fd04309d
Blood Omen 2,6,Chapter 5: The Sarafan Keep,393,,,action,,,,11,ae9611525a40
Blood Omen 2,6,Chapter 5: The Sarafan Keep,394,Kain,Kain,speech,dialogue,none,,2,7d77d6db608b
Blood Omen 2,6,Chapter 5: The Sarafan Keep,395,Umah,Umah,speech,dialogue,constraint,0.7524,26,4ae74420dc4c
Blood Omen 2,6,Chapter 5: The Sarafan Keep,396,,,action,,,,13,94b45b95daf2
Blood Omen 2,6,Chapter 5: The Sarafan Keep,397,,,action,,,,2,acd7377db351
Blood Omen 2,6,Chapter 5: The Sarafan Keep,398,Kain,Kain,speech,dialogue,none,,2,6a1950c7d79b
Blood Omen 2,6,Chapter 5: The Sarafan Keep,399,Sarafan Lord,Sarafan Lord,speech,dialogue,constraint,,14,26f50fe89acc
Blood Omen 2,6,Chapter 5: The Sarafan Keep,400,,,action,,,,12,1fcaa98ccf99
Blood Omen 2,6,Chapter 5: The Sarafan Keep,401,Kain,Kain,speech,narration,explicit_paren,,19,a14c80f39e3b
Blood Omen 2,6,Chapter 5: The Sarafan Keep,402,Sarafan Lord,Sarafan Lord,speech,dialogue,model,0.0219,3,dd8082be77e9
Blood Omen 2,6,Chapter 5: The Sarafan Keep,403,Kain,Kain,speech,dialogue,none,,3,1ffbc9403c4d
Blood Omen 2,6,Chapter 5: The Sarafan Keep,404,Sarafan Lord,Sarafan Lord,speech,dialogue,model,0.1517,29,6da83958d984
Blood Omen 2,6,Chapter 5: The Sarafan Keep,405,Kain,Kain,speech,dialogue,none,,6,2e99d4a1ce50
Blood Omen 2,6,Chapter 5: The Sarafan Keep,406,Sarafan Lord,Sarafan Lord,speech,dialogue,model,0.1321,34,c293ca6db10d
Blood Omen 2,6,Chapter 5: The Sarafan Keep,407,,,action,,,,5,c4953d863bd7
Blood Omen 2,6,Chapter 5: The Sarafan Keep,408,Kain,Kain,speech,dialogue,none,,2,6840651a16cb
Blood Omen 2,6,Chapter 5: The Sarafan Keep,409,,,action,,,,13,992779cae013
Blood Omen 2,6,Chapter 5: The Sarafan Keep,410,Umah,Umah,speech,dialogue,model,0.0278,2,e73651be0343
Blood Omen 2,6,Chapter 5: The Sarafan Keep,411,Sarafan Lord,Sarafan Lord,speech,dialogue,model,0.0222,16,da68cd7f6100
Blood Omen 2,6,Chapter 5: The Sarafan Keep,412,Umah,Umah,speech,dialogue,model,0.0498,26,dd1cf6dfdd47
Blood Omen 2,6,Chapter 5: The Sarafan Keep,413,,,action,,,,4,e80239dab946
Blood Omen 2,6,Chapter 5: The Sarafan Keep,414,Kain,Kain,speech,dialogue,none,,9,a2bcb58168ba
Blood Omen 2,6,Chapter 5: The Sarafan Keep,415,,,action,,,,12,b837aea41a2b
Blood Omen 2,6,Chapter 5: The Sarafan Keep,416,Sarafan Lord,Sarafan Lord,speech,dialogue,model,0.0335,20,e85ebd515b98
Blood Omen 2,6,Chapter 5: The Sarafan Keep,417,,,action,,,,14,60ed2a1d873d
Blood Omen 2,6,Chapter 5: The Sarafan Keep,418,Vorador,Vorador,speech,dialogue,model,0.0090,10,e2e339e97ca4
Blood Omen 2,6,Chapter 5: The Sarafan Keep,419,Kain,Kain,speech,dialogue,none,,13,4fbe78fa04ba
Blood Omen 2,6,Chapter 5: The Sarafan Keep,420,Vorador,Vorador,speech,dialogue,model,0.1021,3,1729d06203e2
Blood Omen 2,6,Chapter 5: The Sarafan Keep,421,Umah,Umah,speech,dialogue,model,0.0292,15,928fecd8d7c4
Blood Omen 2,6,Chapter 5: The Sarafan Keep,422,Vorador,Vorador,speech,dialogue,model,0.0080,10,7aa2334b9e76
Blood Omen 2,6,Chapter 5: The Sarafan Keep,423,Umah,Umah,speech,dialogue,constraint,0.9794,73,aaa1a750d549
Blood Omen 2,6,Chapter 5: The Sarafan Keep,424,Vorador,Vorador,speech,dialogue,model,0.0913,5,8593a34eb560
Blood Omen 2,6,Chapter 5: The Sarafan Keep,425,Kain,Kain,speech,dialogue,none,,5,69a361078d5b
Blood Omen 2,6,Chapter 5: The Sarafan Keep,426,Vorador,Vorador,speech,dialogue,constraint,0.9215,46,1eddf6713808
Blood Omen 2,6,Chapter 5: The Sarafan Keep,427,Kain,Kain,speech,dialogue,none,,4,170b1835a590
Blood Omen 2,6,Chapter 5: The Sarafan Keep,428,Vorador,Vorador,speech,dialogue,constraint,,12,2a6c08d97b3e
Blood Omen 2,6,Chapter 5: The Sarafan Keep,429,Kain,Kain,speech,dialogue,none,,14,a4cafe909a30
Blood Omen 2,6,Chapter 5: The Sarafan Keep,430,Vorador,Vorador,speech,dialogue,model,0.0711,24,c3805208eb42
Blood Omen 2,6,Chapter 5: The Sarafan Keep,431,Kain,Kain,speech,dialogue,none,,1,cad969b834c2
Blood Omen 2,6,Chapter 5: The Sarafan Keep,432,Umah,Umah,speech,dialogue,model,0.1079,29,c242ab85c908
Blood Omen 2,6,Chapter 5: The Sarafan Keep,433,Kain,Kain,speech,dialogue,none,,30,27b5d8eec936
Blood Omen 2,6,Chapter 5: The Sarafan Keep,434,Vorador,Vorador,speech,dialogue,model,0.0209,15,3848b2682cdd
Blood Omen 2,6,Chapter 5: The Sarafan Keep,435,Kain,Kain,speech,dialogue,none,,16,00abdf0c227f
Blood Omen 2,6,Chapter 5: The Sarafan Keep,436,Vorador,Vorador,speech,dialogue,model,0.1781,43,ea0c7a7ab9ba
Blood Omen 2,6,Chapter 5: The Sarafan Keep,437,Umah,Umah,speech,dialogue,constraint,,18,1aeb32e00e29
Blood Omen 2,6,Chapter 5: The Sarafan Keep,438,Kain,Kain,speech,dialogue,none,,12,d09ac0b2b046
Blood Omen 2,7,Chapter 6: The Industrial Quarter,439,,,action,,,,10,059d919c0251
Blood Omen 2,7,Chapter 6: The Industrial Quarter,440,Kain,Kain,speech,narration,explicit_paren,,45,68932ba12ebc
Blood Omen 2,7,Chapter 6: The Industrial Quarter,441,,,action,,,,13,07b5676e7d6d
Blood Omen 2,7,Chapter 6: The Industrial Quarter,442,,,action,,,,6,ba7a7b43b3fb
Blood Omen 2,7,Chapter 6: The Industrial Quarter,443,,,action,,,,12,55ae1e0f2ca5
Blood Omen 2,7,Chapter 6: The Industrial Quarter,444,Vorador,Vorador,speech,dialogue,model,0.1896,45,4f5ec3daf758
Blood Omen 2,7,Chapter 6: The Industrial Quarter,445,Kain,Kain,speech,dialogue,none,,7,04aaa4a14afa
Blood Omen 2,7,Chapter 6: The Industrial Quarter,446,Vorador,Vorador,speech,dialogue,model,0.0524,23,e49e4dde49d5
Blood Omen 2,7,Chapter 6: The Industrial Quarter,447,Kain,Kain,speech,narration,explicit_paren,,42,e25c9b7b3fda
Blood Omen 2,7,Chapter 6: The Industrial Quarter,448,,,action,,,,14,2d391cc48a6e
Blood Omen 2,7,Chapter 6: The Industrial Quarter,449,Guard 1,Guard 1,speech,dialogue,model,0.1165,5,682ceda9e6cc
Blood Omen 2,7,Chapter 6: The Industrial Quarter,450,,,action,,,,14,3b9e5bef2634
Blood Omen 2,7,Chapter 6: The Industrial Quarter,451,Guard 2,Guard 2,speech,dialogue,model,0.2844,9,4089833119be
Blood Omen 2,7,Chapter 6: The Industrial Quarter,452,Guard 1,Guard 1,speech,dialogue,constraint,0.7225,22,18beede36db9
Blood Omen 2,7,Chapter 6: The Industrial Quarter,453,,,action,,,,13,ecd14f2db4d0
Blood Omen 2,7,Chapter 6: The Industrial Quarter,454,Glyph Guard,Glyph Guard,speech,dialogue,model,0.2835,8,f55588048997
Blood Omen 2,7,Chapter 6: The Industrial Quarter,455,Sebastian,Sebastian,speech,dialogue,constraint,0.8622,33,9673ae10a14b
Blood Omen 2,7,Chapter 6: The Industrial Quarter,456,Glyph Guard,Glyph Guard,speech,dialogue,model,0.0461,4,36133102f8e9
Blood Omen 2,7,Chapter 6: The Industrial Quarter,457,Sebastian,Sebastian,speech,dialogue,model,0.0842,29,d2420470b7df
Blood Omen 2,7,Chapter 6: The Industrial Quarter,458,,,action,,,,11,f74e80f55ff3
Blood Omen 2,7,Chapter 6: The Industrial Quarter,459,Sebastian,Sebastian,speech,dialogue,model,0.2730,8,34e4d05d735e
Blood Omen 2,7,Chapter 6: The Industrial Quarter,460,Kain,Kain,speech,narration,explicit_paren,,22,bcfda11b193b
Blood Omen 2,7,Chapter 6: The Industrial Quarter,461,Kain,Kain,speech,dialogue,explicit_paren,,9,eccc817ff94b
Blood Omen 2,7,Chapter 6: The Industrial Quarter,462,Sebastian,Sebastian,speech,dialogue,model,0.0568,23,d729e59f7bd0
Blood Omen 2,7,Chapter 6: The Industrial Quarter,463,Kain,Kain,speech,dialogue,none,,42,a14e9012a664
Blood Omen 2,7,Chapter 6: The Industrial Quarter,464,Sebastian,Sebastian,speech,dialogue,model,0.0617,22,0bd48e6a1625
Blood Omen 2,7,Chapter 6: The Industrial Quarter,465,Kain,Kain,speech,dialogue,none,,4,0b0981a1a73e
Blood Omen 2,7,Chapter 6: The Industrial Quarter,466,Sebastian,Sebastian,speech,dialogue,model,0.1169,35,3e24b2dcf455
Blood Omen 2,7,Chapter 6: The Industrial Quarter,467,,,action,,,,14,dfc0943c0174
Blood Omen 2,7,Chapter 6: The Industrial Quarter,468,Kain,Kain,speech,dialogue,none,,32,29a94409caa4
Blood Omen 2,7,Chapter 6: The Industrial Quarter,469,Sebastian,Sebastian,speech,dialogue,model,0.1104,34,6a83f02913af
Blood Omen 2,7,Chapter 6: The Industrial Quarter,470,,,action,,,,7,d408a9c54f83
Blood Omen 2,7,Chapter 6: The Industrial Quarter,471,Sebastian,Sebastian,speech,dialogue,model,0.0555,3,10e192b3b17d
Blood Omen 2,7,Chapter 6: The Industrial Quarter,472,,,action,,,,13,8dd5ddd96260
Blood Omen 2,7,Chapter 6: The Industrial Quarter,473,Sebastian,Sebastian,speech,dialogue,model,0.1136,6,f379b9c2f6c1
Blood Omen 2,7,Chapter 6: The Industrial Quarter,474,,,action,,,,13,7efa383bb291
Blood Omen 2,7,Chapter 6: The Industrial Quarter,475,Kain,Kain,speech,dialogue,none,,21,72958f996a3d
Blood Omen 2,7,Chapter 6: The Industrial Quarter,476,Sebastian,Sebastian,speech,dialogue,model,0.0300,18,d830f3553dd0
Blood Omen 2,7,Chapter 6: The Industrial Quarter,477,Kain,Kain,speech,dialogue,none,,6,7cc7b69122c8
Blood Omen 2,7,Chapter 6: The Industrial Quarter,478,Sebastian,Sebastian,speech,dialogue,model,0.1776,47,69343584392c
Blood Omen 2,7,Chapter 6: The Industrial Quarter,479,Kain,Kain,speech,dialogue,none,,14,b0110d5da541
Blood Omen 2,7,Chapter 6: The Industrial Quarter,480,,,action,,,,12,21474892f210
Blood Omen 2,7,Chapter 6: The Industrial Quarter,481,Kain,Kain,speech,dialogue,none,,8,2e06cf1ffe42
Blood Omen 2,7,Chapter 6: The Industrial Quarter,482,Sebastian,Sebastian,speech,dialogue,model,0.0497,22,29d18fab9fff
Blood Omen 2,7,Chapter 6: The Industrial Quarter,483,Kain,Kain,speech,dialogue,none,,51,bd0f89ea81d2
Blood Omen 2,7,Chapter 6: The Industrial Quarter,484,,,action,,,,11,4b0b9eee5774
Blood Omen 2,7,Chapter 6: The Industrial Quarter,485,Umah,Umah,speech,dialogue,model,0.0038,8,d7f5c267e7fd
Blood Omen 2,7,Chapter 6: The Industrial Quarter,486,Kain,Kain,speech,dialogue,none,,10,b667b97722e6
Blood Omen 2,7,Chapter 6: The Industrial Quarter,487,Vorador,Vorador,speech,dialogue,model,0.2095,41,568436776da9
Blood Omen 2,7,Chapter 6: The Industrial Quarter,488,Kain,Kain,speech,dialogue,none,,58,c284a16b9988
Blood Omen 2,7,Chapter 6: The Industrial Quarter,489,Vorador,Vorador,speech,dialogue,constraint,0.9667,72,237ad6eb1715
Blood Omen 2,7,Chapter 6: The Industrial Quarter,490,Kain,Kain,speech,dialogue,none,,16,b01dff9a8e64
Blood Omen 2,7,Chapter 6: The Industrial Quarter,491,Vorador,Vorador,speech,dialogue,model,0.1790,45,6235a52f2c21
Blood Omen 2,7,Chapter 6: The Industrial Quarter,492,Kain,Kain,speech,dialogue,none,,17,cf746833fdc5
Blood Omen 2,8,Chapter 7: The Canyons,493,,,action,,,,13,108b394d96b4
Blood Omen 2,8,Chapter 7: The Canyons,494,Sarafan Knight,Sarafan Knight,speech,dialogue,model,0.0686,3,6c13d99eb542
Blood Omen 2,8,Chapter 7: The Canyons,495,Trader,Trader,speech,dialogue,constraint,,11,75a8d865f9fe
Blood Omen 2,8,Chapter 7: The Canyons,496,Sarafan Knight,Sarafan Knight,speech,dialogue,model,0.0686,3,6c13d99eb542
Blood Omen 2,8,Chapter 7: The Canyons,497,Trader,Trader,speech,dialogue,constraint,,16,b3941ff72760
Blood Omen 2,8,Chapter 7: The Canyons,498,Sarafan Knight,Sarafan Knight,speech,dialogue,model,0.0639,4,46490b305d5f
Blood Omen 2,8,Chapter 7: The Canyons,499,Trader,Trader,speech,dialogue,model,0.1749,6,fd9473066d5b
Blood Omen 2,8,Chapter 7: The Canyons,500,,,action,,,,13,4e2e76be7561
Blood Omen 2,8,Chapter 7: The Canyons,501,Sarafan Knight,Sarafan Knight,speech,dialogue,constraint,,10,acdd32fea4b2
Blood Omen 2,8,Chapter 7: The Canyons,502,Trader,Trader,speech,dialogue,model,0.2676,8,6206a28898be
Blood Omen 2,8,Chapter 7: The Canyons,503,Sarafan Knight,Sarafan Knight,speech,dialogue,constraint,,16,dc8b2a5c6770
Blood Omen 2,8,Chapter 7: The Canyons,504,Trader,Trader,speech,dialogue,constraint,0.6781,19,d089f69ac6e7
Blood Omen 2,8,Chapter 7: The Canyons,505,Sarafan Knight,Sarafan Knight,speech,dialogue,model,0.0180,13,24e6fa341a45
Blood Omen 2,8,Chapter 7: The Canyons,506,,,action,,,,13,0e30b7df6a69
Blood Omen 2,8,Chapter 7: The Canyons,507,Sarafan Knight,Sarafan Knight,speech,dialogue,model,0.0028,5,11121526b99b
Blood Omen 2,8,Chapter 7: The Canyons,508,,,action,,,,11,c8cffb4d09ba
Blood Omen 2,8,Chapter 7: The Canyons,509,Sarafan Knight,Sarafan Knight,speech,dialogue,model,0.0044,4,035cb1009a9e
Blood Omen 2,8,Chapter 7: The Canyons,510,,,action,,,,12,03ce4fc43147
Blood Omen 2,8,Chapter 7: The Canyons,511,Worker,Worker,speech,dialogue,constraint,0.7862,23,3312c342de0f
Blood Omen 2,8,Chapter 7: The Canyons,512,,,action,,,,14,97e45e387a9d
Blood Omen 2,8,Chapter 7: The Canyons,513,Seer,Seer,speech,dialogue,model,0.0146,10,568f86160954
Blood Omen 2,8,Chapter 7: The Canyons,514,Kain,Kain,speech,dialogue,none,,5,add3dc8bab4a
Blood Omen 2,8,Chapter 7: The Canyons,515,Seer,Seer,speech,dialogue,constraint,,16,2dfa0a09caf2
Blood Omen 2,8,Chapter 7: The Canyons,516,Kain,Kain,speech,dialogue,none,,4,247c6ccdc010
Blood Omen 2,8,Chapter 7: The Canyons,517,Seer,Seer,speech,dialogue,model,0.0032,5,5bbd31e31ca8
Blood Omen 2,8,Chapter 7: The Canyons,518,Kain,Kain,speech,dialogue,none,,7,97f9064df6f9
Blood Omen 2,8,Chapter 7: The Canyons,519,Seer,Seer,speech,dialogue,model,0.0168,1,c9ceaea3c836
Blood Omen 2,8,Chapter 7: The Canyons,520,Kain,Kain,speech,dialogue,none,,16,360fb0178906
Blood Omen 2,8,Chapter 7: The Canyons,521,Seer,Seer,speech,dialogue,model,0.0518,23,9582dce15281
Blood Omen 2,8,Chapter 7: The Canyons,522,Kain,Kain,speech,dialogue,none,,17,2e94df5291e2
Blood Omen 2,8,Chapter 7: The Canyons,523,Seer,Seer,speech,dialogue,model,0.0037,7,de3770868f6b
Blood Omen 2,8,Chapter 7: The Canyons,524,Kain,Kain,speech,dialogue,none,,6,dcc66c26de1e
Blood Omen 2,8,Chapter 7: The Canyons,525,Seer,Seer,speech,dialogue,constraint,,94,87fd694481e6
Blood Omen 2,8,Chapter 7: The Canyons,526,,,action,,,,13,63501c80c974
Blood Omen 2,8,Chapter 7: The Canyons,527,Seer,Seer,speech,dialogue,model,0.0709,28,8bcecfe7d306
Blood Omen 2,8,Chapter 7: The Canyons,528,Kain,Kain,speech,dialogue,none,,4,f9b11bceb5bf
Blood Omen 2,8,Chapter 7: The Canyons,529,,,action,,,,8,29fc60014725
Blood Omen 2,8,Chapter 7: The Canyons,530,Seer,Seer,speech,dialogue,model,0.1733,7,38503675efb3
Blood Omen 2,8,Chapter 7: The Canyons,531,,,action,,,,5,49fcd3e7aadf
Blood Omen 2,8,Chapter 7: The Canyons,532,Kain,Kain,speech,dialogue,none,,15,1d36408df0dd
Blood Omen 2,8,Chapter 7: The Canyons,533,Seer,Seer,speech,dialogue,model,0.0130,14,6f1fafe1a942
Blood Omen 2,8,Chapter 7: The Canyons,534,,,action,,,,13,d47d691c28fc
Blood Omen 2,8,Chapter 7: The Canyons,535,Seer,Seer,speech,dialogue,model,0.0303,21,4b91552a3b01
Blood Omen 2,8,Chapter 7: The Canyons,536,,,action,,,,8,0ece2bb6a401
Blood Omen 2,8,Chapter 7: The Canyons,537,Seer,Seer,speech,dialogue,model,0.0177,13,b0b2d015e862
Blood Omen 2,8,Chapter 7: The Canyons,538,,,action,,,,7,4233395ab8f7
Blood Omen 2,8,Chapter 7: The Canyons,539,Seer,Seer,speech,dialogue,model,0.2467,55,b28bdd17c2d2
Blood Omen 2,8,Chapter 7: The Canyons,540,,,action,,,,11,98fceb657b1b
Blood Omen 2,8,Chapter 7: The Canyons,541,Seer,Seer,speech,dialogue,model,0.1056,4,1bcbf5c4cf28
Blood Omen 2,8,Chapter 7: The Canyons,542,,,action,,,,11,e1157c080397
Blood Omen 2,8,Chapter 7: The Canyons,543,Sarafan Lord,Sarafan Lord,speech,dialogue,constraint,0.8837,35,98fd93efdfb4
Blood Omen 2,8,Chapter 7: The Canyons,544,,,action,,,,13,c95640b0b700
Blood Omen 2,8,Chapter 7: The Canyons,545,Sarafan Lord,Sarafan Lord,speech,dialogue,model,0.0454,22,e185a81f7515
Blood Omen 2,8,Chapter 7: The Canyons,546,,,action,,,,9,33db5e98236a
Blood Omen 2,8,Chapter 7: The Canyons,547,Seer,Seer,speech,dialogue,model,0.0632,25,1cdbc5332e25
Blood Omen 2,8,Chapter 7: The Canyons,548,Kain,Kain,speech,dialogue,none,,13,8c03c695dfff
Blood Omen 2,8,Chapter 7: The Canyons,549,Seer,Seer,speech,dialogue,model,0.0135,13,71aebb48ca0e
Blood Omen 2,8,Chapter 7: The Canyons,550,,,action,,,,12,31f640612b80
Blood Omen 2,8,Chapter 7: The Canyons,551,Kain,Kain,speech,narration,explicit_paren,,34,b7b2f63b8ee7
Blood Omen 2,8,Chapter 7: The Canyons,552,,,action,,,,14,870b97701164
Blood Omen 2,8,Chapter 7: The Canyons,553,Beast,Beast,speech,dialogue,model,0.2222,9,1dbe5a650e5c
Blood Omen 2,8,Chapter 7: The Canyons,554,Kain,Kain,speech,dialogue,none,,19,faa37024f2b6
Blood Omen 2,8,Chapter 7: The Canyons,555,Beast,Beast,speech,dialogue,model,0.0409,22,142030932900
Blood Omen 2,8,Chapter 7: The Canyons,556,Kain,Kain,speech,dialogue,none,,19,3b2e932fa5a0
Blood Omen 2,8,Chapter 7: The Canyons,557,Beast,Beast,speech,dialogue,constraint,0.7328,22,24eae79d3468
Blood Omen 2,8,Chapter 7: The Canyons,558,Kain,Kain,speech,dialogue,none,,14,08c0a129a6b0
Blood Omen 2,8,Chapter 7: The Canyons,559,Beast,Beast,speech,dialogue,model,0.1607,43,d5acb749f626
Blood Omen 2,8,Chapter 7: The Canyons,560,Kain,Kain,speech,dialogue,none,,3,8c37b139a26e
Blood Omen 2,8,Chapter 7: The Canyons,561,Beast,Beast,speech,dialogue,constraint,0.9083,39,5fb27ac9db78
Blood Omen 2,8,Chapter 7: The Canyons,562,Kain,Kain,speech,dialogue,none,,12,605c15efd6db
Blood Omen 2,8,Chapter 7: The Canyons,563,Beast,Beast,speech,dialogue,constraint,0.9126,44,89f3fbc69c0b
Blood Omen 2,8,Chapter 7: The Canyons,564,Kain,Kain,speech,dialogue,none,,24,dea830043c2e
Blood Omen 2,8,Chapter 7: The Canyons,565,Beast,Beast,speech,dialogue,model,0.0339,19,e4380e4cec65
Blood Omen 2,8,Chapter 7: The Canyons,566,,,action,,,,8,86004f3a29b1
Blood Omen 2,8,Chapter 7: The Canyons,567,Kain,Kain,speech,dialogue,none,,7,cf9abfdd2170
Blood Omen 2,8,Chapter 7: The Canyons,568,Beast,Beast,speech,dialogue,model,0.0185,14,a8f7c853311c
Blood Omen 2,8,Chapter 7: The Canyons,569,Kain,Kain,speech,dialogue,none,,13,26734719de6a
Blood Omen 2,8,Chapter 7: The Canyons,570,,,action,,,,12,e309969fac51
Blood Omen 2,9,Chapter 8: The Eternal Prison,571,,,action,,,,12,cf67884eab9a
Blood Omen 2,9,Chapter 8: The Eternal Prison,572,Prison Guardian,Prison Guardian,speech,dialogue,model,0.1147,38,6f91355785b1
Blood Omen 2,9,Chapter 8: The Eternal Prison,573,,,action,,,,11,5d8b134c6dfe
Blood Omen 2,9,Chapter 8: The Eternal Prison,574,Prison Guardian,Prison Guardian,speech,dialogue,constraint,0.9799,85,fd804f53df8f
Blood Omen 2,9,Chapter 8: The Eternal Prison,575,,,action,,,,11,92405115f5b8
Blood Omen 2,9,Chapter 8: The Eternal Prison,576,Prison Guardian,Prison Guardian,speech,dialogue,model,0.2003,46,ef12d7092660
Blood Omen 2,9,Chapter 8: The Eternal Prison,577,,,action,,,,13,df38186c5f33
Blood Omen 2,9,Chapter 8: The Eternal Prison,578,Prison Guardian,Prison Guardian,speech,dialogue,model,0.1338,42,e61550754f1c
Blood Omen 2,9,Chapter 8: The Eternal Prison,579,,,action,,,,11,7561f65cd387
Blood Omen 2,9,Chapter 8: The Eternal Prison,580,Prisoner,Prisoner,speech,dialogue,model,0.0272,21,3e00231af917
Blood Omen 2,9,Chapter 8: The Eternal Prison,581,,,action,,,,10,2a7f6cd2b637
Blood Omen 2,9,Chapter 8: The Eternal Prison,582,Magnus,Magnus,speech,dialogue,constraint,0.7222,25,1d0377c0d149
Blood Omen 2,9,Chapter 8: The Eternal Prison,583,,,action,,,,9,b7d6526022ba
Blood Omen 2,9,Chapter 8: The Eternal Prison,584,Prison Guardian 1,Prison Guardian 1,speech,dialogue,model,0.0112,9,9b61f106f2ea
Blood Omen 2,9,Chapter 8: The Eternal Prison,585,Prison Guardian 2,Prison Guardian 2,speech,dialogue,model,0.0278,2,6df85f412d93
Blood Omen 2,9,Chapter 8: The Eternal Prison,586,Magnus,Magnus,speech,dialogue,constraint,0.6860,21,97d12481a149
Blood Omen 2,9,Chapter 8: The Eternal Prison,587,,,action,,,,14,4b3508452ee9
Blood Omen 2,9,Chapter 8: The Eternal Prison,588,Magnus,Magnus,speech,dialogue,model,0.0249,14,43c35f0e3fc8
Blood Omen 2,9,Chapter 8: The Eternal Prison,589,,,action,,,,12,5bcfeb8c386d
Blood Omen 2,9,Chapter 8: The Eternal Prison,590,Kain,Kain,speech,dialogue,none,,4,3ef57faa764d
Blood Omen 2,9,Chapter 8: The Eternal Prison,591,Builder,Builder,speech,dialogue,model,0.0075,10,7ec374fd7b8d
Blood Omen 2,9,Chapter 8: The Eternal Prison,592,Kain,Kain,speech,dialogue,none,,26,78bb2a921870
Blood Omen 2,9,Chapter 8: The Eternal Prison,593,Builder,Builder,speech,dialogue,model,0.1255,6,b8d66fe62295
Blood Omen 2,9,Chapter 8: The Eternal Prison,594,Kain,Kain,speech,dialogue,none,,17,8958122f5aba
Blood Omen 2,9,Chapter 8: The Eternal Prison,595,Builder,Builder,speech,dialogue,model,0.0264,15,7500faefd28e
Blood Omen 2,9,Chapter 8: The Eternal Prison,596,Kain,Kain,speech,dialogue,none,,15,069b3950ece3
Blood Omen 2,9,Chapter 8: The Eternal Prison,597,Builder,Builder,speech,dialogue,constraint,0.9882,100,6f1ef8b43bc7
Blood Omen 2,9,Chapter 8: The Eternal Prison,598,Kain,Kain,speech,dialogue,none,,14,63dcf5474e5c
Blood Omen 2,9,Chapter 8: The Eternal Prison,599,Builder,Builder,speech,dialogue,constraint,,74,f2d84912e106
Blood Omen 2,9,Chapter 8: The Eternal Prison,600,Kain,Kain,speech,dialogue,none,,11,3a8d1065720a
Blood Omen 2,9,Chapter 8: The Eternal Prison,601,Builder,Builder,speech,dialogue,constraint,,10,52b8d84080fc
Blood Omen 2,9,Chapter 8: The Eternal Prison,602,Kain,Kain,speech,dialogue,none,,30,062ead33ee1e
Blood Omen 2,9,Chapter 8: The Eternal Prison,603,Builder,Builder,speech,dialogue,model,0.0667,27,3d6b2db10f4e
Blood Omen 2,9,Chapter 8: The Eternal Prison,604,Kain,Kain,speech,dialogue,none,,6,a4b91304c06c
Blood Omen 2,9,Chapter 8: The Eternal Prison,605,Builder,Builder,speech,dialogue,constraint,0.9622,68,b3a240696f1d
Blood Omen 2,9,Chapter 8: The Eternal Prison,606,Kain,Kain,speech,dialogue,none,,35,f7654c29f6d9
Blood Omen 2,9,Chapter 8: The Eternal Prison,607,,,action,,,,10,f0c29603e8c4
Blood Omen 2,9,Chapter 8: The Eternal Prison,608,Prison Guardian 1,Prison Guardian 1,speech,dialogue,model,0.0021,4,c25f8e63ea6d
Blood Omen 2,9,Chapter 8: The Eternal Prison,609,Prison Guardian 2,Prison Guardian 2,speech,dialogue,constraint,,14,0730d2d8714e
Blood Omen 2,9,Chapter 8: The Eternal Prison,610,,,action,,,,12,6d53919735b5
Blood Omen 2,9,Chapter 8: The Eternal Prison,611,Magnus,Magnus,speech,dialogue,model,0.1168,5,d64fb8ceab11
Blood Omen 2,9,Chapter 8: The Eternal Prison,612,Kain,Kain,speech,dialogue,none,,4,c684ec172a55
Blood Omen 2,9,Chapter 8: The Eternal Prison,613,Magnus,Magnus,speech,dialogue,model,0.0102,11,0805c6b84d62
Blood Omen 2,9,Chapter 8: The Eternal Prison,614,Kain,Kain,speech,dialogue,none,,9,c00cf476a855
Blood Omen 2,9,Chapter 8: The Eternal Prison,615,Magnus,Magnus,speech,dialogue,model,0.0517,4,961db5be4064
Blood Omen 2,9,Chapter 8: The Eternal Prison,616,Kain,Kain,speech,dialogue,explicit_paren,,4,2494e96cd663
Blood Omen 2,9,Chapter 8: The Eternal Prison,617,Kain,Kain,speech,narration,explicit_paren,,25,bfb9b88524cb
Blood Omen 2,9,Chapter 8: The Eternal Prison,618,Kain,Kain,speech,dialogue,explicit_paren,,14,660fe3bc6dc1
Blood Omen 2,9,Chapter 8: The Eternal Prison,619,Magnus,Magnus,speech,dialogue,model,0.1555,4,423792cb2e22
Blood Omen 2,9,Chapter 8: The Eternal Prison,620,Kain,Kain,speech,dialogue,none,,16,204a5f4e0843
Blood Omen 2,9,Chapter 8: The Eternal Prison,621,Magnus,Magnus,speech,dialogue,model,0.1511,35,cad280625cfc
Blood Omen 2,9,Chapter 8: The Eternal Prison,622,Kain,Kain,speech,dialogue,none,,3,38067cf80e60
Blood Omen 2,9,Chapter 8: The Eternal Prison,623,Magnus,Magnus,speech,dialogue,model,0.3011,53,ab8e3e875938
Blood Omen 2,9,Chapter 8: The Eternal Prison,624,Kain,Kain,speech,dialogue,none,,34,1d9e328774fa
Blood Omen 2,9,Chapter 8: The Eternal Prison,625,Magnus,Magnus,speech,dialogue,model,0.0518,3,7cbaf7e88bad
Blood Omen 2,9,Chapter 8: The Eternal Prison,626,,,action,,,,12,b7715f4cab0b
Blood Omen 2,9,Chapter 8: The Eternal Prison,627,Kain,Kain,speech,dialogue,none,,16,8691569dd495
Blood Omen 2,10,Chapter 9: The Device,628,,,action,,,,13,9c101bc9a192
Blood Omen 2,10,Chapter 9: The Device,629,Beast,Beast,speech,dialogue,model,0.0142,10,83fd2ff3c54e
Blood Omen 2,10,Chapter 9: The Device,630,Kain,Kain,speech,dialogue,none,,22,a67b9f488128
Blood Omen 2,10,Chapter 9: The Device,631,Beast,Beast,speech,dialogue,model,0.0477,25,50c2afc9ee1f
Blood Omen 2,10,Chapter 9: The Device,632,Kain,Kain,speech,dialogue,none,,9,d47070696b4d
Blood Omen 2,10,Chapter 9: The Device,633,Beast,Beast,speech,dialogue,model,0.0610,26,6294535435fe
Blood Omen 2,10,Chapter 9: The Device,634,Kain,Kain,speech,dialogue,none,,6,f2040d2c9378
Blood Omen 2,10,Chapter 9: The Device,635,,,action,,,,6,991310fcee0e
Blood Omen 2,10,Chapter 9: The Device,636,Beast,Beast,speech,dialogue,model,0.0032,6,4b2a16a565d8
Blood Omen 2,10,Chapter 9: The Device,637,Kain,Kain,speech,dialogue,none,,8,a0430a1507ad
Blood Omen 2,10,Chapter 9: The Device,638,,,action,,,,6,40de7114f274
Blood Omen 2,10,Chapter 9: The Device,639,Beast,Beast,speech,dialogue,model,0.2249,51,1e009a43d19f
Blood Omen 2,10,Chapter 9: The Device,640,Kain,Kain,speech,dialogue,none,,3,7e986cb4476b
Blood Omen 2,10,Chapter 9: The Device,641,Beast,Beast,speech,dialogue,model,0.0355,20,b2207de7ab3b
Blood Omen 2,10,Chapter 9: The Device,642,Kain,Kain,speech,dialogue,none,,10,c1e577c492d2
Blood Omen 2,10,Chapter 9: The Device,643,,,action,,,,11,fdd780cae19b
Blood Omen 2,10,Chapter 9: The Device,644,Kain,Kain,speech,narration,explicit_paren,,67,04ce534d50a8
Blood Omen 2,10,Chapter 9: The Device,645,,,action,,,,14,16f1e38507a6
Blood Omen 2,10,Chapter 9: The Device,646,Janos Audron,Janos Audron,speech,dialogue,model,0.0377,18,63692fe4bace
Blood Omen 2,10,Chapter 9: The Device,647,Kain,Kain,speech,dialogue,none,,3,11e84c992704
Blood Omen 2,10,Chapter 9: The Device,648,Janos Audron,Janos Audron,speech,dialogue,model,0.0492,25,9fd617180f14
Blood Omen 2,10,Chapter 9: The Device,649,Kain,Kain,speech,narration,explicit_paren,,13,b48962bbc880
Blood Omen 2,10,Chapter 9: The Device,650,Kain,Kain,speech,dialogue,explicit_paren,,10,f0338b804cbf
Blood Omen 2,10,Chapter 9: The Device,651,Janos Audron,Janos Audron,speech,dialogue,model,0.3405,52,db28850ddf9a
Blood Omen 2,10,Chapter 9: The Device,652,Kain,Kain,speech,dialogue,none,,17,3cdc8f61e0f0
Blood Omen 2,10,Chapter 9: The Device,653,Janos Audron,Janos Audron,speech,dialogue,constraint,,87,cf18d8a747eb
Blood Omen 2,10,Chapter 9: The Device,654,Kain,Kain,speech,dialogue,none,,12,029ce7590d67
Blood Omen 2,10,Chapter 9: The Device,655,Janos Audron,Janos Audron,speech,dialogue,constraint,,73,7d33a6c1dc31
Blood Omen 2,10,Chapter 9: The Device,656,Kain,Kain,speech,dialogue,none,,8,24d4837b48cb
Blood Omen 2,10,Chapter 9: The Device,657,,,action,,,,12,546e85f357aa
Blood Omen 2,10,Chapter 9: The Device,658,Janos Audron,Janos Audron,speech,dialogue,constraint,0.9810,76,0391ff86ad67
Blood Omen 2,10,Chapter 9: The Device,659,Kain,Kain,speech,dialogue,none,,11,2c8ce987b56f
Blood Omen 2,10,Chapter 9: The Device,660,Janos Audron,Janos Audron,speech,dialogue,model,0.1176,32,486ad2a3feba
Blood Omen 2,10,Chapter 9: The Device,661,Kain,Kain,speech,narration,explicit_paren,,41,5f119bf399a0
Blood Omen 2,10,Chapter 9: The Device,662,Janos Audron,Janos Audron,speech,dialogue,constraint,0.8979,37,8c03bef2a870
Blood Omen 2,10,Chapter 9: The Device,663,Kain,Kain,speech,dialogue,none,,5,74986b385fd6
Blood Omen 2,10,Chapter 9: The Device,664,Janos Audron,Janos Audron,speech,dialogue,constraint,0.6749,20,dd5f77c33b32
Blood Omen 2,10,Chapter 9: The Device,665,Kain,Kain,speech,dialogue,none,,20,891fa1c439dc
Blood Omen 2,10,Chapter 9: The Device,666,Janos Audron,Janos Audron,speech,dialogue,constraint,0.7298,21,92722d34ab9c
Blood Omen 2,10,Chapter 9: The Device,667,Kain,Kain,speech,dialogue,none,,7,1daa30872e2f
Blood Omen 2,10,Chapter 9: The Device,668,Janos Audron,Janos Audron,speech,dialogue,constraint,0.8060,27,7fe602883201
Blood Omen 2,10,Chapter 9: The Device,669,,,action,,,,12,746a5017379c
Blood Omen 2,10,Chapter 9: The Device,670,Umah,Umah,speech,dialogue,model,0.0036,7,a602109667d2
Blood Omen 2,10,Chapter 9: The Device,671,Vorador,Vorador,speech,dialogue,model,0.0081,3,f934fe8c9905
Blood Omen 2,10,Chapter 9: The Device,672,Umah,Umah,speech,dialogue,model,0.0467,23,3b4e96128630
Blood Omen 2,10,Chapter 9: The Device,673,,,action,,,,11,6fefdd7b9041
Blood Omen 2,10,Chapter 9: The Device,674,Vorador,Vorador,speech,dialogue,model,0.0161,16,66e3625abc54
Blood Omen 2,10,Chapter 9: The Device,675,Janos Audron,Janos Audron,speech,dialogue,constraint,,11,b225808bbe51
Blood Omen 2,10,Chapter 9: The Device,676,Kain,Kain,speech,dialogue,none,,15,654635bd1cf1
Blood Omen 2,10,Chapter 9: The Device,677,Umah,Umah,speech,dialogue,model,0.0097,6,efb6fbd2a4fb
Blood Omen 2,10,Chapter 9: The Device,678,Kain,Kain,speech,dialogue,none,,9,42a27c38f0f1
Blood Omen 2,10,Chapter 9: The Device,679,Vorador,Vorador,speech,dialogue,model,0.0445,3,f9d78b7d5da9
Blood Omen 2,10,Chapter 9: The Device,680,Kain,Kain,speech,dialogue,none,,16,1ef4efe399a2
Blood Omen 2,10,Chapter 9: The Device,681,Vorador,Vorador,speech,dialogue,model,0.0219,3,0ec9fca2ddfe
Blood Omen 2,10,Chapter 9: The Device,682,Janos Audron,Janos Audron,speech,dialogue,constraint,,89,a5d961f9f21e
Blood Omen 2,10,Chapter 9: The Device,683,Vorador,Vorador,speech,dialogue,model,0.0438,5,0d0d84cfe714
Blood Omen 2,10,Chapter 9: The Device,684,Janos Audron,Janos Audron,speech,dialogue,constraint,0.9689,72,5a902a4ded2b
Blood Omen 2,10,Chapter 9: The Device,685,Kain,Kain,speech,dialogue,none,,15,cf0ae360146c
Blood Omen 2,10,Chapter 9: The Device,686,Vorador,Vorador,speech,dialogue,model,0.0037,7,ef19aa9b68f7
Blood Omen 2,10,Chapter 9: The Device,687,Umah,Umah,speech,dialogue,constraint,0.9481,55,02ca44f0cfaf
Blood Omen 2,10,Chapter 9: The Device,688,Janos Audron,Janos Audron,speech,dialogue,model,0.2164,52,714d0a40ad97
Blood Omen 2,10,Chapter 9: The Device,689,Kain,Kain,speech,dialogue,none,,29,d8a8d0d69128
Blood Omen 2,10,Chapter 9: The Device,690,Umah,Umah,speech,dialogue,model,0.0862,4,c11f0da1457e
Blood Omen 2,10,Chapter 9: The Device,691,Vorador,Vorador,speech,dialogue,model,0.0043,6,13f96f0bbbd6
Blood Omen 2,10,Chapter 9: The Device,692,Umah,Umah,speech,dialogue,constraint,,14,b14e4b0f8442
Blood Omen 2,10,Chapter 9: The Device,693,Kain,Kain,speech,dialogue,none,,22,b9e374fc43b6
Blood Omen 2,10,Chapter 9: The Device,694,Umah,Umah,speech,dialogue,constraint,,19,62c52efdeeae
Blood Omen 2,10,Chapter 9: The Device,695,Janos Audron,Janos Audron,speech,dialogue,model,0.0239,16,fcb11fd93ce5
Blood Omen 2,10,Chapter 9: The Device,696,Vorador,Vorador,speech,dialogue,constraint,,16,072380e423e7
Blood Omen 2,10,Chapter 9: The Device,697,Janos Audron,Janos Audron,speech,dialogue,model,0.0033,5,d9b86c0bf932
Blood Omen 2,10,Chapter 9: The Device,698,Kain,Kain,speech,narration,explicit_paren,,22,80d3a5250e81
Blood Omen 2,11,Chapter 10: The Wharves,699,,,action,,,,12,abe0ae013cfe
Blood Omen 2,11,Chapter 10: The Wharves,700,Umah,Umah,speech,dialogue,constraint,,16,c7341ae4400e
Blood Omen 2,11,Chapter 10: The Wharves,701,Kain,Kain,speech,dialogue,none,,5,0218b2e3eefa
Blood Omen 2,11,Chapter 10: The Wharves,702,Umah,Umah,speech,dialogue,constraint,0.6869,20,eef12965f1a3
Blood Omen 2,11,Chapter 10: The Wharves,703,Kain,Kain,speech,dialogue,none,,12,3c3220e5e1bf
Blood Omen 2,11,Chapter 10: The Wharves,704,Umah,Umah,speech,dialogue,constraint,,16,6f3aee542789
Blood Omen 2,11,Chapter 10: The Wharves,705,Kain,Kain,speech,dialogue,none,,3,1bf739155bbf
Blood Omen 2,11,Chapter 10: The Wharves,706,Umah,Umah,speech,dialogue,model,0.0491,23,08340e6adef6
Blood Omen 2,11,Chapter 10: The Wharves,707,Kain,Kain,speech,dialogue,none,,6,3708ee3b7bfa
Blood Omen 2,11,Chapter 10: The Wharves,708,Umah,Umah,speech,dialogue,model,0.0250,2,176b4a7037d3
Blood Omen 2,11,Chapter 10: The Wharves,709,Kain,Kain,speech,dialogue,none,,8,7e1e048acbfc
Blood Omen 2,11,Chapter 10: The Wharves,710,,,action,,,,9,2ea3c31e3879
Blood Omen 2,11,Chapter 10: The Wharves,711,Umah,Umah,speech,dialogue,model,0.0773,4,958e8c944c61
Blood Omen 2,11,Chapter 10: The Wharves,712,Kain,Kain,speech,dialogue,none,,9,dfffeaea46ea
Blood Omen 2,11,Chapter 10: The Wharves,713,Umah,Umah,speech,dialogue,model,0.0386,2,2d22251dceb9
Blood Omen 2,11,Chapter 10: The Wharves,714,,,action,,,,11,66319181e69c
Blood Omen 2,11,Chapter 10: The Wharves,715,Kain,Kain,speech,dialogue,none,,1,cad969b834c2
Blood Omen 2,11,Chapter 10: The Wharves,716,Umah,Umah,speech,dialogue,model,0.0030,7,c607c3994ec0
Blood Omen 2,11,Chapter 10: The Wharves,717,Kain,Kain,speech,dialogue,none,,2,8de5da277321
Blood Omen 2,11,Chapter 10: The Wharves,718,Umah,Umah,speech,dialogue,constraint,,78,c56a05d05e51
Blood Omen 2,11,Chapter 10: The Wharves,719,Kain,Kain,speech,dialogue,none,,21,62eb84ae3404
Blood Omen 2,11,Chapter 10: The Wharves,720,Umah,Umah,speech,dialogue,model,0.1518,42,1f4a192ed745
Blood Omen 2,11,Chapter 10: The Wharves,721,Kain,Kain,speech,dialogue,none,,33,d8dc6e564c49
Blood Omen 2,11,Chapter 10: The Wharves,722,Umah,Umah,speech,dialogue,constraint,0.7189,20,0b070a4331d7
Blood Omen 2,11,Chapter 10: The Wharves,723,,,action,,,,12,fd4fdbdd5616
Blood Omen 2,11,Chapter 10: The Wharves,724,Gatekeeper,Gatekeeper,speech,dialogue,constraint,0.7830,24,42e52fe4e55c
Blood Omen 2,11,Chapter 10: The Wharves,725,,,action,,,,11,9ab948a2e7e2
Blood Omen 2,11,Chapter 10: The Wharves,726,Trader 1,Trader 1,speech,dialogue,constraint,0.7590,23,a4029da50564
Blood Omen 2,11,Chapter 10: The Wharves,727,Trader 2,Trader 2,speech,dialogue,model,0.0147,11,33463ec58d1b
Blood Omen 2,11,Chapter 10: The Wharves,728,Trader 1,Trader 1,speech,dialogue,model,0.0040,6,a4326d38da33
Blood Omen 2,11,Chapter 10: The Wharves,729,,,action,,,,8,63eb56c81c79
Blood Omen 2,11,Chapter 10: The Wharves,730,Gatekeeper,Gatekeeper,speech,dialogue,model,0.0009,3,9b7cbe60a2bd
Blood Omen 2,11,Chapter 10: The Wharves,731,Kain,Kain,speech,dialogue,none,,2,c8bd7004c173
Blood Omen 2,11,Chapter 10: The Wharves,732,Gatekeeper,Gatekeeper,speech,dialogue,model,0.0386,2,565176d432ac
Blood Omen 2,11,Chapter 10: The Wharves,733,,,action,,,,13,2b9719647157
Blood Omen 2,11,Chapter 10: The Wharves,734,Peasant,Peasant,speech,dialogue,model,0.0011,3,5b530341006b
Blood Omen 2,11,Chapter 10: The Wharves,735,Kain,Kain,speech,dialogue,none,,2,32c40a10a9e0
Blood Omen 2,11,Chapter 10: The Wharves,736,Peasant,Peasant,speech,dialogue,model,0.0556,27,54b75bdc81f1
Blood Omen 2,11,Chapter 10: The Wharves,737,,,action,,,,13,cbd36a024248
Blood Omen 2,11,Chapter 10: The Wharves,738,Kain,Kain,speech,dialogue,none,,4,a143b6bdfd19
Blood Omen 2,11,Chapter 10: The Wharves,739,Umah,Umah,speech,dialogue,model,0.0168,1,217278bb0783
Blood Omen 2,11,Chapter 10: The Wharves,740,Kain,Kain,speech,dialogue,none,,14,c25e6ba44197
Blood Omen 2,11,Chapter 10: The Wharves,741,Umah,Umah,speech,dialogue,model,0.0890,2,b3a6b802a9f7
Blood Omen 2,11,Chapter 10: The Wharves,742,,,action,,,,7,3a4a6552aaa6
Blood Omen 2,11,Chapter 10: The Wharves,743,Kain,Kain,speech,dialogue,none,,2,dff1f819b859
Blood Omen 2,11,Chapter 10: The Wharves,744,,,action,,,,7,39dc7626d764
Blood Omen 2,11,Chapter 10: The Wharves,745,Umah,Umah,speech,dialogue,constraint,,12,7cd6d9c4075f
Blood Omen 2,11,Chapter 10: The Wharves,746,Kain,Kain,speech,dialogue,none,,5,ba28daf30453
Blood Omen 2,11,Chapter 10: The Wharves,747,Umah,Umah,speech,dialogue,model,0.0518,3,306ea8a9b09f
Blood Omen 2,11,Chapter 10: The Wharves,748,Kain,Kain,speech,dialogue,none,,3,522c1f25c24a
Blood Omen 2,11,Chapter 10: The Wharves,749,Umah,Umah,speech,dialogue,model,0.0072,9,457f8f1d14a6
Blood Omen 2,11,Chapter 10: The Wharves,750,,,action,,,,9,0072354913d0
Blood Omen 2,11,Chapter 10: The Wharves,751,Kain,Kain,speech,dialogue,none,,11,2b2058c5269d
Blood Omen 2,11,Chapter 10: The Wharves,752,Umah,Umah,speech,dialogue,model,0.1715,6,d9957bb0f1af
Blood Omen 2,11,Chapter 10: The Wharves,753,Kain,Kain,speech,dialogue,none,,10,b47fc2e4dd2f
Blood Omen 2,11,Chapter 10: The Wharves,754,Umah,Umah,speech,dialogue,model,0.1187,7,6834a199ea95
Blood Omen 2,11,Chapter 10: The Wharves,755,Kain,Kain,speech,dialogue,none,,7,94e729c08a37
Blood Omen 2,11,Chapter 10: The Wharves,756,,,action,,,,7,2aca1a3451fb
Blood Omen 2,11,Chapter 10: The Wharves,757,Umah,Umah,speech,dialogue,model,0.0086,1,1d59aef12a4c
Blood Omen 2,11,Chapter 10: The Wharves,758,Kain,Kain,speech,dialogue,none,,12,a47746bce8bf
Blood Omen 2,11,Chapter 10: The Wharves,759,Umah,Umah,speech,dialogue,model,0.0168,1,e9de2a7a651f
Blood Omen 2,11,Chapter 10: The Wharves,760,Kain,Kain,speech,dialogue,none,,6,32002ca596ce
Blood Omen 2,11,Chapter 10: The Wharves,761,,,action,,,,15,2aea0c5f2339
Blood Omen 2,11,Chapter 10: The Wharves,762,,,action,,,,13,caebf755075d
Blood Omen 2,11,Chapter 10: The Wharves,763,,,action,,,,12,70cd04f0d000
Blood Omen 2,12,Chapter 11: The Hylden City,764,,,action,,,,13,63dcc5e6bb46
Blood Omen 2,12,Chapter 11: The Hylden City,765,Kain,Kain,speech,dialogue,none,,6,3cca7908f2c5
Blood Omen 2,12,Chapter 11: The Hylden City,766,Sarafan Lord,Sarafan Lord,speech,dialogue,model,0.0045,7,95a985ea91f0
Blood Omen 2,12,Chapter 11: The Hylden City,767,Kain,Kain,speech,dialogue,none,,22,5cd00e243a6f
Blood Omen 2,12,Chapter 11: The Hylden City,768,Sarafan Lord,Sarafan Lord,speech,dialogue,model,0.0361,16,9f2087deb7f7
Blood Omen 2,12,Chapter 11: The Hylden City,769,Kain,Kain,speech,dialogue,none,,21,ba66decb312a
Blood Omen 2,12,Chapter 11: The Hylden City,770,Sarafan Lord,Sarafan Lord,speech,dialogue,constraint,,75,9bea632752c8
Blood Omen 2,12,Chapter 11: The Hylden City,771,,,action,,,,13,cc52d1343994
Blood Omen 2,12,Chapter 11: The Hylden City,772,Sarafan Lord,Sarafan Lord,speech,dialogue,model,0.1608,6,2a01879b7a19
Blood Omen 2,12,Chapter 11: The Hylden City,773,,,action,,,,13,7c0e71e35463
Blood Omen 2,12,Chapter 11: The Hylden City,774,Sarafan Lord,Sarafan Lord,speech,dialogue,constraint,0.8489,34,4a8bac7ecc53
Blood Omen 2,12,Chapter 11: The Hylden City,775,,,action,,,,14,142e435e4edc
Blood Omen 2,12,Chapter 11: The Hylden City,776,Male Slave,Male Slave,speech,dialogue,model,0.0906,4,235bcba84fd9
Blood Omen 2,12,Chapter 11: The Hylden City,777,Female Slave,Female Slave,speech,dialogue,model,0.3023,11,ac2f08cc9dfd
Blood Omen 2,12,Chapter 11: The Hylden City,778,Male Slave,Male Slave,speech,dialogue,model,0.0663,5,61f6f2c9b837
Blood Omen 2,12,Chapter 11: The Hylden City,779,Female Slave,Female Slave,speech,dialogue,constraint,0.7139,24,3f4d06d4452e
Blood Omen 2,12,Chapter 11: The Hylden City,780,Male Slave,Male Slave,speech,dialogue,model,0.0627,4,c1ef0d42fff5
Blood Omen 2,12,Chapter 11: The Hylden City,781,Female Slave,Female Slave,speech,dialogue,model,0.2196,9,ecdfb3b6e31e
Blood Omen 2,12,Chapter 11: The Hylden City,782,Male Slave,Male Slave,speech,dialogue,model,0.2370,8,74d02db64925
Blood Omen 2,12,Chapter 11: The Hylden City,783,,,action,,,,11,23a653b26bec
Blood Omen 2,12,Chapter 11: The Hylden City,784,Male Slave,Male Slave,speech,dialogue,model,0.1038,4,f9b29b06319a
Blood Omen 2,12,Chapter 11: The Hylden City,785,Female Slave,Female Slave,speech,dialogue,constraint,,19,6a1ae8d4c449
Blood Omen 2,12,Chapter 11: The Hylden City,786,Male Slave,Male Slave,speech,dialogue,model,0.0168,15,aa07163a3321
Blood Omen 2,12,Chapter 11: The Hylden City,787,Kain,Kain,speech,dialogue,none,,9,32d098a3dc0b
Blood Omen 2,12,Chapter 11: The Hylden City,788,Female Slave,Female Slave,speech,dialogue,model,0.0417,4,84c245e5ea0c
Blood Omen 2,12,Chapter 11: The Hylden City,789,Kain,Kain,speech,dialogue,none,,15,333219c34102
Blood Omen 2,12,Chapter 11: The Hylden City,790,Female Slave,Female Slave,speech,dialogue,model,0.0113,11,c5b5b7b20cf0
Blood Omen 2,12,Chapter 11: The Hylden City,791,Male Slave,Male Slave,speech,dialogue,model,0.0855,5,373c4ecd3a6d
Blood Omen 2,12,Chapter 11: The Hylden City,792,,,action,,,,10,24c5bd6c0a3f
Blood Omen 2,12,Chapter 11: The Hylden City,793,Male Slave,Male Slave,speech,dialogue,model,0.0135,12,f03f1b6da710
Blood Omen 2,12,Chapter 11: The Hylden City,794,Kain,Kain,speech,dialogue,none,,9,da969a995d76
Blood Omen 2,12,Chapter 11: The Hylden City,795,,,action,,,,11,a3155e68539b
Blood Omen 2,12,Chapter 11: The Hylden City,796,Male Slave,Male Slave,speech,dialogue,constraint,,16,7492e4b82cef
Blood Omen 2,12,Chapter 11: The Hylden City,797,Female Slave,Female Slave,speech,dialogue,model,0.1938,6,992306b65022
Blood Omen 2,12,Chapter 11: The Hylden City,798,Kain,Kain,speech,dialogue,none,,4,f116c62ef7eb
Blood Omen 2,12,Chapter 11: The Hylden City,799,,,action,,,,13,b5fda76d849d
Blood Omen 2,12,Chapter 11: The Hylden City,800,Male Slave,Male Slave,speech,dialogue,model,0.0518,3,df360e556e27
Blood Omen 2,12,Chapter 11: The Hylden City,801,Female Slave,Female Slave,speech,dialogue,constraint,,15,619cdd1058a6
Blood Omen 2,12,Chapter 11: The Hylden City,802,Kain,Kain,speech,dialogue,none,,10,8a899dbff62e
Blood Omen 2,12,Chapter 11: The Hylden City,803,Female Slave,Female Slave,speech,dialogue,constraint,,16,652ef9d95e43
Blood Omen 2,12,Chapter 11: The Hylden City,804,Male Slave,Male Slave,speech,dialogue,constraint,0.7394,23,21a4131c7b1a
Blood Omen 2,12,Chapter 11: The Hylden City,805,Female Slave,Female Slave,speech,dialogue,constraint,,15,ee941a803251
Blood Omen 2,12,Chapter 11: The Hylden City,806,Kain,Kain,speech,dialogue,explicit_paren,,17,bfbd5efc6fee
Blood Omen 2,12,Chapter 11: The Hylden City,807,Kain,Kain,speech,narration,explicit_paren,,20,ee8a41c50962
Blood Omen 2,12,Chapter 11: The Hylden City,808,,,action,,,,11,3e94fdaf1dfe
Blood Omen 2,12,Chapter 11: The Hylden City,809,,,action,,,,10,a80b09e569d5
Blood Omen 2,12,Chapter 11: The Hylden City,810,Kain,Kain,speech,dialogue,none,,13,a7a6edc398bb
Blood Omen 2,12,Chapter 11: The Hylden City,811,Vorador,Vorador,speech,dialogue,model,0.0309,20,3d8ca28a32b3
Blood Omen 2,12,Chapter 11: The Hylden City,812,Kain,Kain,speech,dialogue,none,,1,0a7e4d1489fc
Blood Omen 2,12,Chapter 11: The Hylden City,813,Vorador,Vorador,speech,dialogue,model,0.0161,12,23de3ed01b33
Blood Omen 2,12,Chapter 11: The Hylden City,814,Kain,Kain,speech,dialogue,none,,3,a905900cef30
Blood Omen 2,12,Chapter 11: The Hylden City,815,,,action,,,,8,fd4d1b754569
Blood Omen 2,12,Chapter 11: The Hylden City,816,Janos Audron,Janos Audron,speech,dialogue,constraint,,11,da07a866d0da
Blood Omen 2,12,Chapter 11: The Hylden City,817,,,action,,,,5,ee3888b1c1b1
Blood Omen 2,12,Chapter 11: The Hylden City,818,Vorador,Vorador,speech,dialogue,model,0.1872,7,1b716264fca0
Blood Omen 2,12,Chapter 11: The Hylden City,819,Kain,Kain,speech,dialogue,none,,6,32ce5d7d398c
Blood Omen 2,12,Chapter 11: The Hylden City,820,Vorador,Vorador,speech,dialogue,model,0.0078,10,2c05ed2f3edf
Blood Omen 2,12,Chapter 11: The Hylden City,821,Kain,Kain,speech,dialogue,none,,14,73efe851aa08
Blood Omen 2,12,Chapter 11: The Hylden City,822,Vorador,Vorador,speech,dialogue,model,0.0058,6,d69e37bb6fb8
Blood Omen 2,12,Chapter 11: The Hylden City,823,Kain,Kain,speech,dialogue,none,,14,0838c88e065d
Blood Omen 2,12,Chapter 11: The Hylden City,824,Vorador,Vorador,speech,dialogue,model,0.0017,3,8a294039b3f3
Blood Omen 2,12,Chapter 11: The Hylden City,825,Kain,Kain,speech,dialogue,none,,17,39d5de716582
Blood Omen 2,12,Chapter 11: The Hylden City,826,Vorador,Vorador,speech,dialogue,model,0.0086,1,9393a82cf1e3
Blood Omen 2,12,Chapter 11: The Hylden City,827,Kain,Kain,speech,dialogue,none,,22,f4ccebff594a
Blood Omen 2,12,Chapter 11: The Hylden City,828,Vorador,Vorador,speech,dialogue,model,0.0072,7,259b13c8a1b0
Blood Omen 2,12,Chapter 11: The Hylden City,829,Kain,Kain,speech,dialogue,none,,19,bc4bd4004988
Blood Omen 2,12,Chapter 11: The Hylden City,830,Janos Audron,Janos Audron,speech,dialogue,constraint,,20,eb858607d5e2
Blood Omen 2,12,Chapter 11: The Hylden City,831,Kain,Kain,speech,dialogue,none,,16,5dceaaa5d2d1
Blood Omen 2,12,Chapter 11: The Hylden City,832,,,action,,,,13,b2db74c83e4c
Blood Omen 2,12,Chapter 11: The Hylden City,833,Sarafan Lord,Sarafan Lord,speech,dialogue,model,0.1255,6,43e2328c0e4f
Blood Omen 2,12,Chapter 11: The Hylden City,834,,,action,,,,10,1ced91fbff1b
Blood Omen 2,12,Chapter 11: The Hylden City,835,Janos Audron,Janos Audron,speech,dialogue,model,0.1890,48,6477ba6ef702
Blood Omen 2,12,Chapter 11: The Hylden City,836,Kain,Kain,speech,dialogue,none,,9,d533f91eb0f4
Blood Omen 2,12,Chapter 11: The Hylden City,837,,,action,,,,12,003891c3bbe5
Blood Omen 2,12,Chapter 11: The Hylden City,838,Kain,Kain,speech,narration,explicit_paren,,40,8e2058b290ca
Blood Omen 2,12,Chapter 11: The Hylden City,839,,,action,,,,13,742d2adb62d3
Blood Omen 2,12,Chapter 11: The Hylden City,840,Kain,Kain,speech,dialogue,none,,8,778bc70f6030
Blood Omen 2,12,Chapter 11: The Hylden City,841,,,action,,,,6,c4437cc8ae95
Blood Omen 2,12,Chapter 11: The Hylden City,842,Sarafan Lord,Sarafan Lord,speech,dialogue,model,0.0086,1,5748b3ed59c2
Blood Omen 2,12,Chapter 11: The Hylden City,843,Kain,Kain,speech,dialogue,none,,41,210d152ea147
Blood Omen 2,12,Chapter 11: The Hylden City,844,Sarafan Lord,Sarafan Lord,speech,dialogue,model,0.1032,28,76e1c7b14db9
Blood Omen 2,12,Chapter 11: The Hylden City,845,Kain,Kain,speech,dialogue,none,,16,709886fccfbe
Blood Omen 2,12,Chapter 11: The Hylden City,846,Sarafan Lord,Sarafan Lord,speech,dialogue,model,0.1592,45,a700c0a478ce
Blood Omen 2,12,Chapter 11: The Hylden City,847,Kain,Kain,speech,dialogue,none,,11,bcb13fb3bbc5
Blood Omen 2,12,Chapter 11: The Hylden City,848,Sarafan Lord,Sarafan Lord,speech,dialogue,model,0.1892,45,66853dd55bd8
Blood Omen 2,12,Chapter 11: The Hylden City,849,Kain,Kain,speech,dialogue,none,,30,8d18921dbdeb
Blood Omen 2,12,Chapter 11: The Hylden City,850,Sarafan Lord,Sarafan Lord,speech,dialogue,model,0.1979,7,c4757ab7c5d1
Blood Omen 2,12,Chapter 11: The Hylden City,851,Kain,Kain,speech,dialogue,none,,2,4c544a13921b
Blood Omen 2,12,Chapter 11: The Hylden City,852,,,action,,,,14,a4d6f641f0cd
Blood Omen 2,12,Chapter 11: The Hylden City,853,Sarafan Lord,Sarafan Lord,speech,dialogue,model,0.2429,58,d5c1d19590b8
Blood Omen 2,12,Chapter 11: The Hylden City,854,,,action,,,,12,e063ac1c0564
Blood Omen 2,12,Chapter 11: The Hylden City,855,Kain,Kain,speech,dialogue,none,,8,292c435ea086
Blood Omen 2,12,Chapter 11: The Hylden City,856,,,action,,,,11,6708df9963ff
Blood Omen 2,12,Chapter 11: The Hylden City,857,Sarafan Lord,Sarafan Lord,speech,dialogue,model,0.0360,3,affbc69951a4
Blood Omen 2,12,Chapter 11: The Hylden City,858,,,action,,,,13,d9d39ddc218d
Blood Omen 2,12,Chapter 11: The Hylden City,859,Sarafan Lord,Sarafan Lord,speech,dialogue,model,0.0001,1,38a85a35e35f
Blood Omen 2,12,Chapter 11: The Hylden City,860,Janos Audron,Janos Audron,speech,dialogue,model,0.0140,11,3534c1c5da74
Blood Omen 2,12,Chapter 11: The Hylden City,861,Sarafan Lord,Sarafan Lord,speech,dialogue,model,0.0755,27,22929efd0241
Blood Omen 2,12,Chapter 11: The Hylden City,862,Janos Audron,Janos Audron,speech,dialogue,model,0.0867,28,a0229da604d8
Blood Omen 2,12,Chapter 11: The Hylden City,863,Sarafan Lord,Sarafan Lord,speech,dialogue,model,0.0366,16,f07986da6991
Blood Omen 2,12,Chapter 11: The Hylden City,864,Janos Audron,Janos Audron,speech,dialogue,model,0.0646,22,e0f39ec8a8aa
Blood Omen 2,12,Chapter 11: The Hylden City,865,Sarafan Lord,Sarafan Lord,speech,dialogue,model,0.0424,19,70e97d82643a
Blood Omen 2,12,Chapter 11: The Hylden City,866,Janos Audron,Janos Audron,speech,dialogue,model,0.0082,10,fc11b5cc0563
Blood Omen 2,12,Chapter 11: The Hylden City,867,,,action,,,,13,4218b3ee31f9
Blood Omen 2,12,Chapter 11: The Hylden City,868,Sarafan Lord,Sarafan Lord,speech,dialogue,model,0.0093,9,93e082609b05
Blood Omen 2,12,Chapter 11: The Hylden City,869,,,action,,,,10,25ac29bf6323
Blood Omen 2,12,Chapter 11: The Hylden City,870,Janos Audron,Janos Audron,speech,dialogue,model,0.0555,3,da9655f8ebd2
Blood Omen 2,12,Chapter 11: The Hylden City,871,,,action,,,,13,1f84fae744eb
Blood Omen 2,12,Chapter 11: The Hylden City,872,Sarafan Lord,Sarafan Lord,speech,dialogue,model,0.0238,15,0158e6aa66f4
Blood Omen 2,12,Chapter 11: The Hylden City,873,,,action,,,,7,9576a8eed7ec
Blood Omen 2,12,Chapter 11: The Hylden City,874,Janos Audron,Janos Audron,speech,dialogue,model,0.0199,2,671b0acf6c47
Blood Omen 2,12,Chapter 11: The Hylden City,875,Sarafan Lord,Sarafan Lord,speech,dialogue,model,0.0029,6,f6b4ca72fbf5
Blood Omen 2,12,Chapter 11: The Hylden City,876,,,action,,,,12,d04445e76f10
Blood Omen 2,13,Epilogue,877,,,action,,,,11,2596768fcd88
Blood Omen 2,13,Epilogue,878,Sarafan Lord,Sarafan Lord,speech,dialogue,model,0.0758,31,45906c1d7f17
Blood Omen 2,13,Epilogue,879,Kain,Kain,speech,dialogue,none,,14,a8c0808a85eb
Blood Omen 2,13,Epilogue,880,,,action,,,,7,97b1c102260f
Blood Omen 2,13,Epilogue,881,Kain,Kain,speech,dialogue,none,,9,f333b18ef044
Blood Omen 2,13,Epilogue,882,,,action,,,,13,820c9427bdf2
Blood Omen 2,13,Epilogue,883,Kain,Kain,speech,narration,explicit_paren,,19,332586c9b9d7
Blood Omen 2,13,Epilogue,884,,,action,,,,14,5fa008ae6bff
Blood Omen 2,13,Epilogue,885,Kain,Kain,speech,narration,explicit_paren,,87,cd043f4067a7
Defiance,1,1,1,KAIN,Kain,speech,narration,model,0.8527,31,ce56fa75a10b
Defiance,1,1,2,KAIN,Kain,speech,narration,model,0.7911,23,3ca6dd557f7b
Defiance,1,1,3,KAIN,Kain,speech,dialogue,model,0.1479,4,a286e1a4ebda
Defiance,1,1,4,KAIN,Kain,speech,narration,model,0.7461,21,8b4b66badb5c
Defiance,1,1,5,SARAFAN SOLDIER 1,Sarafan Soldier 1,speech,dialogue,constraint,,12,eb0dcecb28aa
Defiance,1,1,6,SARAFAN SOLDIER 2,Sarafan Soldier 2,speech,dialogue,model,0.2912,7,3dced7b7e217
Defiance,1,1,7,SARAFAN SOLDIER 1,Sarafan Soldier 1,speech,dialogue,constraint,0.7461,21,174f3026be6b
Defiance,1,1,8,SARAFAN SOLDIER 2,Sarafan Soldier 2,speech,dialogue,model,0.1604,5,3107f7cf8be4
Defiance,1,1,9,KAIN,Kain,speech,narration,model,0.7841,22,ead975db4fb9
Defiance,2,2,10,MOEBIUS,Moebius,speech,dialogue,model,0.0663,24,1886455fdccc
Defiance,2,2,11,KAIN,Kain,speech,dialogue,model,0.0071,8,1630b328df95
Defiance,2,2,12,MOEBIUS,Moebius,speech,dialogue,model,0.0525,20,9223434bcde8
Defiance,2,2,13,KAIN,Kain,speech,dialogue,model,0.0046,8,e824a0aecae7
Defiance,2,2,14,MOEBIUS,Moebius,speech,dialogue,model,0.0415,20,8d8088ce922a
Defiance,2,2,15,KAIN,Kain,speech,dialogue,manual,,2,88f168077974
Defiance,2,2,16,MOEBIUS,Moebius,speech,dialogue,model,0.1267,5,9d61e452ebb1
Defiance,2,2,17,MOEBIUS,Moebius,speech,dialogue,model,0.0539,23,029c604225bc
Defiance,2,2,18,MOEBIUS,Moebius,speech,dialogue,constraint,,97,e3988e437068
Defiance,2,2,19,MOEBIUS,Moebius,speech,dialogue,model,0.1066,36,f7c54d34a0bb
Defiance,2,2,20,KAIN,Kain,speech,narration,manual,,10,c1ed7f845a44
Defiance,3,3,21,ELDER GOD,Elder God,speech,dialogue,model,0.2983,55,578fcf10ca73
Defiance,3,3,22,ELDER GOD,Elder God,speech,dialogue,model,0.0037,7,4a4b794c3fa4
Defiance,3,3,23,RAZIEL,Raziel,speech,dialogue,model,0.0062,7,668ac4b7193b
Defiance,3,3,24,ELDER GOD,Elder God,speech,dialogue,model,0.2675,60,790286362ac7
Defiance,3,3,25,RAZIEL,Raziel,speech,dialogue,model,0.1906,50,ed493930d75d
Defiance,3,3,26,ELDER GOD,Elder God,speech,dialogue,model,0.0248,18,002f2319760f
Defiance,3,3,27,RAZIEL,Raziel,speech,dialogue,model,0.0198,2,d678e15e6153
Defiance,3,3,28,ELDER GOD,Elder God,speech,dialogue,model,0.1455,40,8bbcc1d47070
Defiance,3,3,29,ELDER GOD,Elder God,speech,dialogue,model,0.0312,17,1493d7f7c642
Defiance,3,3,30,RAZIEL,Raziel,speech,dialogue,model,0.0862,4,82da2e6c5036
Defiance,3,3,31,ELDER GOD,Elder God,speech,dialogue,model,0.0033,5,090f3be12a03
Defiance,3,3,32,ELDER GOD,Elder God,speech,dialogue,model,0.0337,20,42cffa3f0673
Defiance,4,4,33,MOEBIUS,Moebius,speech,dialogue,model,0.0975,34,1c6ab82ba262
Defiance,4,4,34,KAIN,Kain,speech,dialogue,model,0.0173,15,94cbfbc04055
Defiance,4,4,35,MOEBIUS,Moebius,speech,dialogue,model,0.0195,15,031f40cff21d
Defiance,4,4,36,KAIN,Kain,speech,dialogue,model,0.1889,7,744ae2bdfe24
Defiance,4,4,37,MOEBIUS,Moebius,speech,dialogue,model,0.0421,20,027b649e7877
Defiance,4,4,38,KAIN,Kain,speech,dialogue,model,0.0029,6,a5dfa7148733
Defiance,4,4,39,MOEBIUS,Moebius,speech,dialogue,model,0.1055,34,d17278eeb501
Defiance,4,4,40,KAIN,Kain,speech,dialogue,model,0.0616,25,3ac21d06a5a8
Defiance,4,4,41,MOEBIUS,Moebius,speech,dialogue,model,0.1760,45,d162d8107901
Defiance,4,4,42,KAIN,Kain,speech,dialogue,model,0.0214,14,c5222b00540e
Defiance,4,4,43,MOEBIUS,Moebius,speech,dialogue,model,0.3340,10,9e60a78504d5
Defiance,4,4,44,KAIN,Kain,speech,dialogue,model,0.0098,11,a5ded3d469f4
Defiance,4,4,45,MOEBIUS,Moebius,speech,dialogue,model,0.1292,36,a45602b8bcb1
Defiance,4,4,46,KAIN,Kain,speech,dialogue,model,0.0016,4,efb5e63ca5e5
Defiance,4,4,47,MOEBIUS,Moebius,speech,dialogue,model,0.0553,24,8c854f7f10cc
Defiance,5,5,48,RAZIEL,Raziel,speech,narration,model,0.9410,45,3f2700ed5599
Defiance,6,6,49,RAZIEL,Raziel,speech,narration,model,0.9559,45,c192e8ae5f46
Defiance,7,7,50,RAZIEL,Raziel,speech,narration,model,0.9264,40,83bf803564ea
Defiance,8,8,51,RAZIEL,Raziel,speech,narration,model,0.9621,55,db5ce02d6258
Defiance,9,9,52,RAZIEL,Raziel,speech,narration,model,0.9806,75,59f85a6cc39e
Defiance,10,10,53,RAZIEL,Raziel,speech,narration,model,0.9835,76,c0f19fa85e9f
Defiance,11,11,54,RAZIEL,Raziel,speech,narration,model,0.9712,63,ca1cfd07805e
Defiance,11,11,55,ARIEL,Ariel,speech,dialogue,model,0.1165,5,177876220090
Defiance,11,11,56,RAZIEL,Raziel,speech,dialogue,model,0.0123,12,344825e789da
Defiance,11,11,57,ARIEL,Ariel,speech,dialogue,model,0.2173,8,60f4ad2d8fac
Defiance,11,11,58,RAZIEL,Raziel,speech,dialogue,model,0.0092,12,4793ecc4996e
Defiance,11,11,59,ARIEL,Ariel,speech,dialogue,model,0.0580,26,7c7b5b5c5f44
Defiance,11,11,60,RAZIEL,Raziel,speech,dialogue,model,0.0037,9,745a67a2b617
Defiance,11,11,61,ARIEL,Ariel,speech,dialogue,model,0.1968,44,3827d201c6f6
Defiance,11,11,62,RAZIEL,Raziel,speech,dialogue,model,0.0120,11,00196ba6abb1
Defiance,11,11,63,ARIEL,Ariel,speech,dialogue,model,0.0026,6,e74c34dccee7
Defiance,11,11,64,RAZIEL,Raziel,speech,dialogue,model,0.0047,6,9a84f1a3945c
Defiance,11,11,65,ARIEL,Ariel,speech,dialogue,model,0.2443,10,65b86c8a954e
Defiance,11,11,66,RAZIEL,Raziel,speech,dialogue,model,0.0257,16,b9cfec11574c
Defiance,11,11,67,ARIEL,Ariel,speech,dialogue,constraint,,12,3b56e7257df9
Defiance,11,11,68,RAZIEL,Raziel,speech,dialogue,model,0.0473,23,1f47f56afdb9
Defiance,11,11,69,ARIEL,Ariel,speech,dialogue,model,0.0040,7,097472a88cd6
Defiance,11,11,70,RAZIEL,Raziel,speech,dialogue,model,0.0192,15,8fab8b6e4fd9
Defiance,11,11,71,ARIEL,Ariel,speech,dialogue,model,0.0386,2,a46fa6566bf2
Defiance,11,11,72,RAZIEL,Raziel,speech,dialogue,model,0.1267,5,04fb1368452c
Defiance,11,11,73,ARIEL,Ariel,speech,dialogue,constraint,0.7598,26,baa4857b98fb
Defiance,11,11,74,RAZIEL,Raziel,speech,dialogue,model,0.0725,5,d653a1e7a3cc
Defiance,11,11,75,ARIEL,Ariel,speech,dialogue,model,0.0468,20,b3ea79a55de9
Defiance,12,12,76,RAZIEL,Raziel,speech,narration,model,0.9434,38,72b4ae1e6813
Defiance,13,13,77,KAIN,Kain,speech,narration,model,0.9772,68,717a86479054
Defiance,14,14,78,RAZIEL,Raziel,speech,narration,model,0.9916,111,691898a08a8b
Defiance,15,15,79,VORADOR,Vorador,speech,dialogue,constraint,0.7606,23,f6da414d908f
Defiance,15,15,80,RAZIEL,Raziel,speech,dialogue,model,0.0055,7,7cf8c6d56fc0
Defiance,15,15,81,VORADOR,Vorador,speech,dialogue,model,0.0045,6,83c2f673f82e
Defiance,15,15,82,RAZIEL,Raziel,speech,dialogue,model,0.0343,20,30c49721611f
Defiance,15,15,83,RAZIEL,Raziel,speech,dialogue,model,0.0095,9,7933feddc2ca
Defiance,15,15,84,VORADOR,Vorador,speech,dialogue,model,0.1985,5,b74921eb89ac
Defiance,15,15,85,RAZIEL,Raziel,speech,dialogue,model,0.0033,5,e0b69f97b712
Defiance,15,15,86,VORADOR,Vorador,speech,dialogue,constraint,,11,3df9c75cc41f
Defiance,15,15,87,RAZIEL,Raziel,speech,dialogue,model,0.0209,15,b77861a1b9e9
Defiance,15,15,88,VORADOR,Vorador,speech,dialogue,model,0.0147,13,525e9b9df8d0
Defiance,15,15,89,RAZIEL,Raziel,speech,dialogue,model,0.0324,19,1f8b05e5c9cf
Defiance,15,15,90,VORADOR,Vorador,speech,dialogue,constraint,0.8696,35,2dba612ee528
Defiance,15,15,91,RAZIEL,Raziel,speech,dialogue,model,0.0022,4,96e3c6ceae44
Defiance,15,15,92,VORADOR,Vorador,speech,dialogue,model,0.2689,52,daac9b6e9bb3
Defiance,15,15,93,RAZIEL,Raziel,speech,narration,model,0.8757,30,443b1e9c6e44
Defiance,15,15,94,VORADOR,Vorador,speech,dialogue,model,0.0045,6,a01a0fa19313
Defiance,15,15,95,RAZIEL,Raziel,speech,dialogue,model,0.0219,3,893620322175
Defiance,15,15,96,VORADOR,Vorador,speech,dialogue,model,0.1479,5,fe364548b7bc
Defiance,15,15,97,VORADOR,Vorador,speech,dialogue,constraint,0.7322,22,5699f3a24810
Defiance,15,15,98,RAZIEL,Raziel,speech,dialogue,manual,,14,3a3e1124d701
Defiance,15,15,99,VORADOR,Vorador,speech,dialogue,constraint,0.8163,25,c47ad1900ce4
Defiance,15,15,100,RAZIEL,Raziel,speech,dialogue,model,0.0165,11,df54853b295d
Defiance,15,15,101,VORADOR,Vorador,speech,dialogue,constraint,,88,dce09fa24b2f
Defiance,15,15,102,VORADOR,Vorador,speech,dialogue,model,0.0660,26,294cdad91eb3
Defiance,16,16,103,VORADOR,Vorador,speech,dialogue,constraint,,11,8996340a12f7
Defiance,16,16,104,RAZIEL,Raziel,speech,dialogue,manual,,12,837490b741b5
Defiance,16,16,105,VORADOR,Vorador,speech,dialogue,model,0.1303,38,f4c349880346
Defiance,17,17,106,KAIN,Kain,speech,narration,model,0.9924,114,32b127e561d4
Defiance,18,18,107,KAIN,Kain,speech,narration,model,0.9714,64,9703a8473249
Defiance,19,19,108,KAIN,Kain,speech,narration,model,0.9393,45,c29273dc6f8f
Defiance,19,19,109,ELDER GOD,Elder God,speech,dialogue,model,0.2417,7,5eabe7315a96
Defiance,19,19,110,KAIN,Kain,speech,dialogue,model,0.0219,3,dd8082be77e9
Defiance,19,19,111,ELDER GOD,Elder God,speech,dialogue,model,0.0083,9,dd9e25d51ef0
Defiance,19,19,112,KAIN,Kain,speech,dialogue,model,0.0342,3,c0034e1cda1e
Defiance,19,19,113,ELDER GOD,Elder God,speech,dialogue,model,0.0999,36,ebb40bd3dff0
Defiance,19,19,114,ELDER GOD,Elder God,speech,dialogue,constraint,0.7149,20,024614219568
Defiance,19,19,115,ELDER GOD,Elder God,speech,dialogue,model,0.0033,5,a222e17e782c
Defiance,19,19,116,KAIN,Kain,speech,dialogue,model,0.0045,7,078a8bd0cddf
Defiance,19,19,117,ELDER GOD,Elder God,speech,dialogue,model,0.0357,18,9fe56aec57e9
Defiance,19,19,118,KAIN,Kain,speech,dialogue,manual,,12,e5cc9deb3779
Defiance,19,19,119,ELDER GOD,Elder God,speech,dialogue,model,0.2237,50,7ce8ee9a86fc
Defiance,19,19,120,KAIN,Kain,speech,narration,model,0.7769,21,db6e30403b5f
Defiance,19,19,121,KAIN,Kain,speech,narration,model,0.8748,28,17cb25b17158
Defiance,19,19,122,ELDER GOD,Elder God,speech,dialogue,model,0.0859,30,6cfcab5dc5be
Defiance,19,19,123,KAIN,Kain,speech,dialogue,model,0.0855,5,5b2376907a93
Defiance,19,19,124,ELDER GOD,Elder God,speech,dialogue,model,0.0013,4,dba4e25ec3fe
Defiance,20,20,125,RAZIEL,Raziel,speech,narration,model,0.9900,104,74589a054ffe
Defiance,21,21,126,RAZIEL,Raziel,speech,narration,model,0.9905,106,03d1d281eae9
Defiance,22,22,127,RAZIEL,Raziel,speech,narration,model,0.9380,44,27df304b9203
Defiance,23,23,128,CULT MOB,Cult Mob,speech,dialogue,model,0.0199,2,18141586f5f0
Defiance,23,23,129,MORTANIUS,Mortanius,speech,dialogue,model,0.0028,5,fd16e922ab21
Defiance,23,23,130,CULT MOB,Cult Mob,speech,dialogue,model,0.1081,5,95d2c5623ff5
Defiance,23,23,131,MORTANIUS,Mortanius,speech,dialogue,constraint,,10,8c700ee60fc5
Defiance,23,23,132,CULT MOB,Cult Mob,speech,dialogue,model,0.0103,11,9d4d6a622c71
Defiance,23,23,133,RAZIEL,Raziel,speech,narration,model,0.8180,24,5953cbb85496
Defiance,23,23,134,MORTANIUS,Mortanius,speech,dialogue,model,0.0080,8,bde25f65f239
Defiance,23,23,135,CULT MOB,Cult Mob,speech,dialogue,model,0.0055,7,177744fca77c
Defiance,23,23,136,MORTANIUS,Mortanius,speech,dialogue,constraint,,16,e7bf53949076
Defiance,23,23,137,CULT MOB,Cult Mob,speech,dialogue,constraint,,15,315a52ead90d
Defiance,23,23,138,RAZIEL,Raziel,speech,narration,model,0.8548,22,0385dd806343
Defiance,23,23,139,RAZIEL,Raziel,speech,narration,model,0.6668,14,00d0a01ebcd9
Defiance,23,23,140,CREATURE,Creature,speech,dialogue,model,0.0578,24,edf7209dfff9
Defiance,23,23,141,CREATURE,Creature,speech,dialogue,model,0.2417,7,541a204b9720
Defiance,23,23,142,RAZIEL,Raziel,speech,dialogue,model,0.0686,3,34c4d7dbdcba
Defiance,23,23,143,CREATURE,Creature,speech,dialogue,constraint,0.6967,17,da5899e2220c
Defiance,23,23,144,RAZIEL,Raziel,speech,dialogue,model,0.2912,7,8e53edecef82
Defiance,23,23,145,CREATURE,Creature,speech,dialogue,model,0.1170,6,73c19120dfcb
Defiance,23,23,146,RAZIEL,Raziel,speech,dialogue,model,0.3133,8,9814351c8875
Defiance,23,23,147,CREATURE,Creature,speech,dialogue,model,0.0288,15,8e49a6b1ad85
Defiance,23,23,148,RAZIEL,Raziel,speech,dialogue,model,0.0168,1,4dbc98e42d38
Defiance,23,23,149,TUREL,Turel,speech,dialogue,model,0.2912,7,86e251d18051
Defiance,23,23,150,RAZIEL,Raziel,speech,dialogue,model,0.2286,5,60ee1fb88ecc
Defiance,23,23,151,TUREL,Turel,speech,dialogue,model,0.0687,24,cb2f075a5bdc
Defiance,23,23,152,RAZIEL,Raziel,speech,dialogue,model,0.0106,11,cdd6df26fbea
Defiance,23,23,153,TUREL,Turel,speech,dialogue,model,0.0686,3,abfadc3a2ab2
Defiance,23,23,154,RAZIEL,Raziel,speech,dialogue,model,0.1837,5,fd95d08f2199
Defiance,23,23,155,TUREL,Turel,speech,dialogue,constraint,0.7333,14,803a992c245d
Defiance,23,23,156,RAZIEL,Raziel,speech,dialogue,model,0.0051,8,1b57429eeb39
Defiance,23,23,157,TUREL,Turel,speech,dialogue,constraint,,19,5f329a5e067d
Defiance,23,23,158,RAZIEL,Raziel,speech,dialogue,model,0.0043,1,d5843c012fb1
Defiance,23,23,159,TUREL,Turel,speech,dialogue,model,0.0517,24,c0dfe3ca1d94
Defiance,23,23,160,TUREL,Turel,speech,dialogue,constraint,,16,bea25643ea89
Defiance,23,23,161,TUREL,Turel,speech,dialogue,model,0.0386,2,04a36a3b03ef
Defiance,23,23,162,TUREL,Turel,speech,dialogue,model,0.0168,1,9fd5c621fff8
Defiance,24,24,163,MORTANIUS,Mortanius,speech,dialogue,model,0.0473,24,280c31ee35e3
Defiance,24,24,164,RAZIEL,Raziel,speech,dialogue,model,0.0168,1,e69027f3f2db
Defiance,24,24,165,MORTANIUS,Mortanius,speech,dialogue,model,0.0512,24,a45c5b5d3a98
Defiance,24,24,166,RAZIEL,Raziel,speech,dialogue,model,0.1895,8,0c1528e34600
Defiance,24,24,167,MORTANIUS,Mortanius,speech,dialogue,model,0.1056,4,beb58ec00bec
Defiance,24,24,168,MORTANIUS,Mortanius,speech,dialogue,model,0.0219,15,326b5fc9e33c
Defiance,24,24,169,RAZIEL,Raziel,speech,dialogue,model,0.0018,5,ab417a9edfeb
Defiance,24,24,170,MORTANIUS,Mortanius,speech,dialogue,model,0.0115,11,0e9d018ffed4
Defiance,24,24,171,RAZIEL,Raziel,speech,narration,model,0.6836,19,b6017829baa0
Defiance,24,24,172,MORTANIUS,Mortanius,speech,dialogue,model,0.0045,7,f2919fd7ba20
Defiance,24,24,173,RAZIEL,Raziel,speech,dialogue,model,0.1715,6,9f1cee3a5bfc
Defiance,24,24,174,MORTANIUS,Mortanius,speech,dialogue,constraint,,69,6628a29687d5
Defiance,24,24,175,RAZIEL,Raziel,speech,dialogue,model,0.0159,10,bd17767f6178
Defiance,24,24,176,MORTANIUS,Mortanius,speech,dialogue,constraint,0.9826,92,e33253c00bb2
Defiance,24,24,177,RAZIEL,Raziel,speech,dialogue,model,0.0120,11,9ef9c999e95f
Defiance,24,24,178,MORTANIUS,Mortanius,speech,dialogue,model,0.0548,21,c487d67312cf
Defiance,24,24,179,RAZIEL,Raziel,speech,dialogue,model,0.1126,7,1b0b52373d69
Defiance,24,24,180,MORTANIUS,Mortanius,speech,dialogue,constraint,,17,b448183b0b43
Defiance,24,24,181,MORTANIUS,Mortanius,speech,dialogue,model,0.1255,5,39bf373efd0b
Defiance,25,25,182,RAZIEL,Raziel,speech,dialogue,model,0.1058,6,1f9ada39c5ad
Defiance,25,25,183,KAIN,Kain,speech,dialogue,model,0.0616,27,6cac3dbed38f
Defiance,25,25,184,RAZIEL,Raziel,speech,dialogue,model,0.0150,13,efd489225183
Defiance,25,25,185,KAIN,Kain,speech,dialogue,model,0.0164,15,2553afa93b36
Defiance,25,25,186,RAZIEL,Raziel,speech,dialogue,model,0.0705,25,7345eaeb91ab
Defiance,25,25,187,KAIN,Kain,speech,narration,model,0.7704,27,8635e2310269
Defiance,25,25,188,RAZIEL,Raziel,speech,dialogue,model,0.0321,20,5b32c6826102
Defiance,25,25,189,KAIN,Kain,speech,dialogue,model,0.0120,11,118c94e8b8ef
Defiance,25,25,190,RAZIEL,Raziel,speech,dialogue,model,0.3170,11,6c56bcc04110
Defiance,25,25,191,KAIN,Kain,speech,dialogue,model,0.0197,16,85ef8ba9d702
Defiance,25,25,192,RAZIEL,Raziel,speech,dialogue,model,0.0014,5,549535c65066
Defiance,25,25,193,KAIN,Kain,speech,dialogue,model,0.0071,9,18490cbde5ff
Defiance,25,25,194,RAZIEL,Raziel,speech,dialogue,model,0.0193,14,c09417f61cac
Defiance,25,25,195,KAIN,Kain,speech,dialogue,model,0.0525,17,db43af89ee7e
Defiance,25,25,196,RAZIEL,Raziel,speech,dialogue,model,0.0172,13,0c551952ab18
Defiance,25,25,197,KAIN,Kain,speech,dialogue,model,0.1334,39,f40b33048efe
Defiance,25,25,198,RAZIEL,Raziel,speech,dialogue,model,0.0062,10,11783d494b1d
Defiance,25,25,199,KAIN,Kain,speech,dialogue,model,0.0417,4,651b25cb8d2c
Defiance,25,25,200,RAZIEL,Raziel,speech,dialogue,model,0.0212,15,84f3a8815566
Defiance,25,25,201,KAIN,Kain,speech,dialogue,model,0.1524,3,49def4d0e1ef
Defiance,25,25,202,RAZIEL,Raziel,speech,narration,model,0.6837,23,166a5e186b21
Defiance,25,25,203,KAIN,Kain,speech,dialogue,model,0.0066,9,d30bdf647a40
Defiance,25,25,204,RAZIEL,Raziel,speech,dialogue,model,0.0207,16,9fcc8be5b401
Defiance,25,25,205,RAZIEL,Raziel,speech,narration,model,0.6646,18,89cff8129f13
Defiance,25,25,206,KAIN,Kain,speech,dialogue,model,0.0145,9,2f9e1a07f8eb
Defiance,25,25,207,KAIN,Kain,speech,dialogue,model,0.0372,20,eeb1e5b075ca
Defiance,25,25,208,RAZIEL,Raziel,speech,dialogue,model,0.0038,8,50d929ce7276
Defiance,25,25,209,KAIN,Kain,speech,dialogue,model,0.0168,1,b8b9f1367ad6
Defiance,25,25,210,RAZIEL,Raziel,speech,dialogue,model,0.0057,5,3c6dce93da15
Defiance,25,25,211,KAIN,Kain,speech,dialogue,model,0.0589,24,e097dbda1894
Defiance,25,25,212,RAZIEL,Raziel,speech,dialogue,model,0.0238,16,341bd6918d47
Defiance,25,25,213,KAIN,Kain,speech,dialogue,model,0.0634,28,f5bf826bf40b
Defiance,25,25,214,RAZIEL,Raziel,speech,dialogue,model,0.0701,27,aa284acdbfa2
Defiance,25,25,215,RAZIEL,Raziel,speech,dialogue,model,0.0550,21,e4693e240575
Defiance,25,25,216,RAZIEL,Raziel,speech,dialogue,model,0.0003,1,9364d00f0085
Defiance,25,25,217,KAIN,Kain,speech,dialogue,model,0.0386,2,258e03b7d2d4
Defiance,25,25,218,RAZIEL,Raziel,speech,dialogue,model,0.0386,2,1f73a0c2bcd4
Defiance,25,25,219,KAIN,Kain,speech,dialogue,model,0.0250,2,c800f1596a0a
Defiance,25,25,220,RAZIEL,Raziel,speech,dialogue,model,0.0321,16,88ab6f15ecb9
Defiance,25,25,221,RAZIEL,Raziel,speech,narration,model,0.9704,60,612a99477f21
Defiance,26,26,222,RAZIEL,Raziel,speech,narration,model,0.9233,36,615ef493013a
Defiance,26,26,223,MOEBIUS,Moebius,speech,dialogue,constraint,,16,464cdff2a108
Defiance,26,26,224,RAZIEL,Raziel,speech,dialogue,model,0.0247,16,1ee0efcfeabf
Defiance,26,26,225,MOEBIUS,Moebius,speech,dialogue,model,0.0256,3,ed9440a69748
Defiance,26,26,226,MOEBIUS,Moebius,speech,dialogue,model,0.2901,8,928bcec39f1a
Defiance,26,26,227,RAZIEL,Raziel,speech,dialogue,model,0.1097,5,3c093289fe47
Defiance,26,26,228,MOEBIUS,Moebius,speech,dialogue,constraint,,18,4fe3de4fbfef
Defiance,26,26,229,RAZIEL,Raziel,speech,dialogue,model,0.0126,13,b4f183b48cbb
Defiance,26,26,230,MOEBIUS,Moebius,speech,dialogue,constraint,,100,22535cc5cbf9
Defiance,26,26,231,RAZIEL,Raziel,speech,narration,model,0.7183,19,021848518725
Defiance,26,26,232,MOEBIUS,Moebius,speech,dialogue,model,0.1426,39,685fb88f9c32
Defiance,27,27,233,RAZIEL,Raziel,speech,narration,manual,,16,ab19652c32ce
Defiance,27,27,234,JANOS AUDRON,Janos Audron,speech,dialogue,model,0.0179,2,f3992f5ede01
Defiance,27,27,235,JANOS AUDRON,Janos Audron,speech,dialogue,model,0.0397,16,3f3543354a78
Defiance,27,27,236,RAZIEL,Raziel,speech,dialogue,model,0.0177,12,fc9175620c8c
Defiance,27,27,237,JANOS AUDRON,Janos Audron,speech,dialogue,model,0.1460,5,7fe43dad005d
Defiance,27,27,238,RAZIEL,Raziel,speech,dialogue,model,0.0274,16,d55dc457dd5b
Defiance,27,27,239,JANOS AUDRON,Janos Audron,speech,dialogue,model,0.1255,6,421d64c9dcf5
Defiance,27,27,240,RAZIEL,Raziel,speech,dialogue,model,0.0338,22,9e8a5c472f3b
Defiance,27,27,241,JANOS AUDRON,Janos Audron,speech,dialogue,model,0.0807,30,2bd94b8d83da
Defiance,27,27,242,RAZIEL,Raziel,speech,dialogue,manual,,14,305e6ef87039
Defiance,27,27,243,JANOS AUDRON,Janos Audron,speech,dialogue,model,0.1056,4,f96b4dfd5a6a
Defiance,27,27,244,RAZIEL,Raziel,speech,dialogue,model,0.0633,26,8d18a3185f29
Defiance,27,27,245,JANOS AUDRON,Janos Audron,speech,dialogue,model,0.0246,14,ae6857d09a62
Defiance,27,27,246,RAZIEL,Raziel,speech,dialogue,model,0.0141,11,5827542ca824
Defiance,27,27,247,JANOS AUDRON,Janos Audron,speech,dialogue,model,0.1688,45,249550226963
Defiance,27,27,248,RAZIEL,Raziel,speech,dialogue,model,0.0014,5,9ab2c3ed8c44
Defiance,27,27,249,JANOS AUDRON,Janos Audron,speech,dialogue,constraint,0.8294,26,43fc9b9a4bd6
Defiance,27,27,250,RAZIEL,Raziel,speech,dialogue,model,0.0386,2,66fc1e66d350
Defiance,27,27,251,JANOS AUDRON,Janos Audron,speech,dialogue,constraint,0.7189,20,20a0192845d9
Defiance,27,27,252,JANOS AUDRON,Janos Audron,speech,dialogue,constraint,,17,9e632bac6124
Defiance,27,27,253,RAZIEL,Raziel,speech,dialogue,model,0.3027,8,b181ad15371a
Defiance,27,27,254,JANOS AUDRON,Janos Audron,speech,dialogue,constraint,0.7731,27,f08182524fc4
Defiance,27,27,255,RAZIEL,Raziel,speech,dialogue,model,0.0193,12,24bee15ae094
Defiance,27,27,256,JANOS AUDRON,Janos Audron,speech,dialogue,model,0.1006,5,9140ca2501d8
Defiance,27,27,257,RAZIEL,Raziel,speech,dialogue,manual,,13,a4cc4241906d
Defiance,27,27,258,JANOS AUDRON,Janos Audron,speech,dialogue,constraint,0.8456,27,13ea1114af1a
Defiance,27,27,259,RAZIEL,Raziel,speech,dialogue,model,0.0111,8,0c2e0c053939
Defiance,27,27,260,JANOS AUDRON,Janos Audron,speech,dialogue,constraint,0.6505,17,be687b3e21d7
Defiance,27,27,261,RAZIEL,Raziel,speech,dialogue,model,0.0091,7,55f5807a8973
Defiance,27,27,262,JANOS AUDRON,Janos Audron,speech,dialogue,constraint,0.9057,34,59e5ac0441fa
Defiance,27,27,263,RAZIEL,Raziel,speech,dialogue,model,0.0014,3,2d9fa7b6826a
Defiance,27,27,264,JANOS AUDRON,Janos Audron,speech,dialogue,constraint,0.9819,89,923e21c726a2
Defiance,27,27,265,RAZIEL,Raziel,speech,dialogue,model,0.1895,8,83088bdb640b
Defiance,27,27,266,JANOS AUDRON,Janos Audron,speech,dialogue,model,0.3199,68,1d567acb6e20
Defiance,27,27,267,RAZIEL,Raziel,speech,dialogue,model,0.1413,6,d5c574cb8446
Defiance,27,27,268,JANOS AUDRON,Janos Audron,speech,dialogue,model,0.0022,5,81ac61b3283b
Defiance,28,28,269,ARIEL,Ariel,speech,dialogue,constraint,0.6705,18,f90281db01c2
Defiance,28,28,270,RAZIEL,Raziel,speech,dialogue,model,0.0002,2,e3078fc38413
Defiance,28,28,271,ARIEL,Ariel,speech,dialogue,constraint,0.9638,65,779ae1976272
Defiance,28,28,272,ARIEL,Ariel,speech,dialogue,model,0.1265,38,9a7ef7bcfaea
Defiance,28,28,273,RAZIEL,Raziel,speech,narration,model,0.9797,73,7966ae3ce57d
Defiance,29,29,274,RAZIEL,Raziel,speech,dialogue,model,0.0332,4,aead343bb041
Defiance,29,29,275,JANOS AUDRON,Janos Audron,speech,dialogue,model,0.1455,7,a5899990716f
Defiance,29,29,276,JANOS AUDRON,Janos Audron,speech,dialogue,model,0.0388,20,275da90e56ae
Defiance,29,29,277,JANOS AUDRON,Janos Audron,speech,dialogue,model,0.0278,2,e6c0a6b625c7
Defiance,29,29,278,JANOS AUDRON,Janos Audron,speech,dialogue,model,0.0014,3,794b9b748b22
Defiance,29,29,279,RAZIEL,Raziel,speech,dialogue,model,0.1267,5,c59d50172f68
Defiance,29,29,280,JANOS AUDRON,Janos Audron,speech,dialogue,model,0.0319,18,c882f4a0da3a
Defiance,29,29,281,RAZIEL,Raziel,speech,dialogue,model,0.0127,13,7dc2c0516097
Defiance,29,29,282,JANOS AUDRON,Janos Audron,speech,dialogue,model,0.1938,6,0838c6554728
Defiance,30,30,283,ELDER GOD,Elder God,speech,dialogue,model,0.0168,15,f554b7e3c7d2
Defiance,30,30,284,RAZIEL,Raziel,speech,dialogue,model,0.0086,1,82d4cfedb929
Defiance,30,30,285,ELDER GOD,Elder God,speech,dialogue,model,0.0562,20,cfcc7e4cd204
Defiance,30,30,286,RAZIEL,Raziel,speech,dialogue,model,0.0025,6,f57d795e8aca
Defiance,30,30,287,ELDER GOD,Elder God,speech,dialogue,model,0.1068,33,6003bceebe96
Defiance,30,30,288,RAZIEL,Raziel,speech,dialogue,model,0.1100,6,9c2b2a2e99cd
Defiance,30,30,289,ELDER GOD,Elder God,speech,dialogue,model,0.0084,11,f013e272adff
Defiance,30,30,290,RAZIEL,Raziel,speech,dialogue,model,0.0180,13,6b37e315e02f
Defiance,30,30,291,ELDER GOD,Elder God,speech,dialogue,model,0.1858,45,f228456a0ecc
Defiance,31,31,292,KAIN,Kain,speech,narration,model,0.9168,36,5368ab018e82
Defiance,31,31,293,HYLDEN VOICES,Hylden Voices,speech,dialogue,model,0.0045,7,2324a2a92aa7
Defiance,31,31,294,HYLDEN VOICES,Hylden Voices,speech,dialogue,model,0.0639,4,6b38aa457b74
Defiance,31,31,295,HYLDEN VOICES,Hylden Voices,speech,dialogue,model,0.0197,16,75fde59331e2
Defiance,31,31,296,KAIN,Kain,speech,dialogue,model,0.0461,4,16c3b2562928
Defiance,31,31,297,HYLDEN VOICES,Hylden Voices,speech,dialogue,model,0.0158,15,0ae85b872920
Defiance,31,31,298,HYLDEN VOICES,Hylden Voices,speech,dialogue,model,0.1176,3,a8cc494ada62
Defiance,31,31,299,HYLDEN VOICES,Hylden Voices,speech,dialogue,constraint,,17,78202de30d26
Defiance,31,31,300,HYLDEN VOICES,Hylden Voices,speech,dialogue,model,0.0517,4,824dfaf28345
Defiance,32,32,301,MOEBIUS,Moebius,speech,dialogue,constraint,,15,8982aad7b6c0
Defiance,32,32,302,MOEBIUS,Moebius,speech,dialogue,model,0.3340,10,cca04cbc33dc
Defiance,32,32,303,KAIN,Kain,speech,dialogue,model,0.0022,4,262e69792699
Defiance,32,32,304,MOEBIUS,Moebius,speech,dialogue,model,0.0022,1,db92a70e2929
Defiance,32,32,305,KAIN,Kain,speech,dialogue,model,0.0086,10,fc66bba4131d
Defiance,32,32,306,KAIN,Kain,speech,dialogue,model,0.0116,10,e43f50cad598
Defiance,32,32,307,MOEBIUS,Moebius,speech,dialogue,model,0.0639,4,f660a9c413db
Defiance,32,32,308,KAIN,Kain,speech,dialogue,model,0.0482,20,09fc99fb898c
Defiance,32,32,309,KAIN,Kain,speech,dialogue,manual,,11,32e95c933ac2
Defiance,32,32,310,MOEBIUS,Moebius,speech,dialogue,model,0.0106,11,42ea22819317
Defiance,32,32,311,KAIN,Kain,speech,dialogue,model,0.0187,15,1160ec4701a3
Defiance,32,32,312,MOEBIUS,Moebius,speech,dialogue,model,0.0173,15,ed4ca2380e54
Defiance,32,32,313,KAIN,Kain,speech,dialogue,model,0.1056,4,904dcb9548ad
Defiance,32,32,314,MOEBIUS,Moebius,speech,dialogue,constraint,0.6635,21,4df15ad68d80
Defiance,32,32,315,MOEBIUS,Moebius,speech,dialogue,model,0.0531,22,c5cd327c1322
Defiance,32,32,316,RAZIEL,Raziel,speech,dialogue,model,0.0132,11,cb51e167c128
Defiance,32,32,317,MOEBIUS,Moebius,speech,dialogue,model,0.0686,3,4cc8f501a9f3
Defiance,32,32,318,RAZIEL,Raziel,speech,dialogue,model,0.0398,19,559d689f119d
Defiance,32,32,319,RAZIEL,Raziel,speech,dialogue,model,0.0172,11,4632982c31cd
Defiance,32,32,320,ELDER GOD,Elder God,speech,dialogue,model,0.1420,36,55e2867c9bc7
Defiance,32,32,321,RAZIEL,Raziel,speech,dialogue,model,0.0161,12,57bf1a16e960
Defiance,32,32,322,ELDER GOD,Elder God,speech,dialogue,model,0.0236,15,92436c3ec6dd
Defiance,32,32,323,RAZIEL,Raziel,speech,dialogue,model,0.0112,10,0b3a37d38639
Defiance,32,32,324,ELDER GOD,Elder God,speech,dialogue,model,0.1413,39,bc0e7ead039a
Defiance,32,32,325,JANOS AUDRON,Janos Audron,speech,dialogue,model,0.0686,3,e8d7f1007533
Defiance,32,32,326,RAZIEL,Raziel,speech,narration,model,0.8806,27,b9e84f13cac5
Defiance,32,32,327,ARIEL,Ariel,speech,dialogue,model,0.0062,9,1f9319c1e76c
Defiance,32,32,328,RAZIEL,Raziel,speech,narration,model,0.9551,48,5dbfcdf53869
Defiance,32,32,329,KAIN,Kain,speech,dialogue,model,0.1006,5,9c169b65b776
Defiance,32,32,330,RAZIEL,Raziel,speech,dialogue,manual,,11,b5b2aca000f9
Defiance,32,32,331,ARIEL,Ariel,speech,dialogue,constraint,,13,955120d68584
Defiance,32,32,332,ELDER GOD,Elder God,speech,dialogue,model,0.1429,6,f0ecae77fc92
Defiance,32,32,333,MOEBIUS,Moebius,speech,dialogue,model,0.0168,1,e9de2a7a651f
Defiance,32,32,334,KAIN,Kain,speech,dialogue,model,0.0016,5,9844d629895f
Defiance,32,32,335,MOEBIUS,Moebius,speech,dialogue,model,0.0386,2,0489994a8c43
Defiance,32,32,336,KAIN,Kain,speech,dialogue,model,0.0101,2,9a4178226d43
Defiance,32,32,337,RAZIEL,Raziel,speech,dialogue,model,0.0639,4,156342a08755
Defiance,32,32,338,KAIN,Kain,speech,dialogue,model,0.0199,2,ab937b67465a
Defiance,32,32,339,RAZIEL,Raziel,speech,dialogue,manual,,19,32418abfd621
Defiance,32,32,340,RAZIEL,Raziel,speech,dialogue,model,0.1009,33,0ab3bc46a783
Defiance,32,32,341,KAIN,Kain,speech,dialogue,model,0.1889,7,d28ac531423c
Defiance,32,32,342,RAZIEL,Raziel,speech,dialogue,model,0.0061,8,eff60a320597
Defiance,32,32,343,KAIN,Kain,speech,dialogue,model,0.0168,1,0a0655842ac8
Defiance,32,32,344,ELDER GOD,Elder God,speech,dialogue,model,0.0076,8,a6be8f947f3c
Defiance,32,32,345,KAIN,Kain,speech,dialogue,model,0.1056,4,41a3cbf364d0
Defiance,32,32,346,ELDER GOD,Elder God,speech,dialogue,constraint,0.7672,27,affad49a5319
Defiance,32,32,347,ELDER GOD,Elder God,speech,dialogue,model,0.1640,42,cb939ab17f32
Defiance,32,32,348,KAIN,Kain,speech,dialogue,model,0.0013,4,a40bfd936249
Defiance,32,32,349,KAIN,Kain,speech,dialogue,model,0.0147,13,ee5b5c26132e
Defiance,32,32,350,ELDER GOD,Elder God,speech,dialogue,model,0.0009,4,fd601282b83b
Defiance,32,32,351,KAIN,Kain,speech,dialogue,model,0.0137,12,8dfe0b7cbff7
Defiance,32,32,352,ELDER GOD,Elder God,speech,dialogue,model,0.1446,40,e65eb64e63d3
Defiance,32,32,353,KAIN,Kain,speech,dialogue,model,0.0062,7,8bb24b7ea097
Defiance,33,33,354,KAIN,Kain,speech,narration,model,0.8627,26,a63dc7223b16
Defiance,33,33,355,KAIN,Kain,speech,narration,model,0.9409,44,c611702ae814
